Date,Open,High,Low,Close,Adj Close,Volume
10/31/2016,0.759474,0.761905,0.758553,0.759821,0.759821,0
11/1/2016,0.760803,0.768994,0.759936,0.760746,0.760746,0
11/2/2016,0.764643,0.76799,0.761487,0.764526,0.764526,0
11/3/2016,0.765169,0.76858,0.763884,0.765345,0.765345,0
11/4/2016,0.768521,0.769823,0.765404,0.76858,0.76858,0
11/7/2016,0.767813,0.770891,0.766871,0.767872,0.767872,0
11/8/2016,0.772082,0.77232,0.769053,0.772022,0.772022,0
11/9/2016,0.774713,0.777122,0.758495,0.774593,0.774593,0
11/10/2016,0.765052,0.774174,0.757289,0.764935,0.764935,0
11/11/2016,0.760977,0.763009,0.754091,0.760861,0.760861,0
11/14/2016,0.755287,0.757461,0.752615,0.754945,0.754945,0
11/15/2016,0.75683,0.758898,0.751315,0.757117,0.757117,0
11/16/2016,0.755458,0.757289,0.746324,0.755344,0.755344,0
11/17/2016,0.749176,0.749681,0.745045,0.749457,0.749457,0
11/18/2016,0.740083,0.740686,0.734376,0.739809,0.739809,0
11/21/2016,0.732547,0.73828,0.731315,0.732332,0.732332,0
11/22/2016,0.737735,0.741455,0.737191,0.737681,0.737681,0
11/23/2016,0.741125,0.744546,0.737517,0.741015,0.741015,0
11/24/2016,0.737517,0.74162,0.736594,0.737463,0.737463,0
11/25/2016,0.741785,0.74677,0.740138,0.741675,0.741675,0
11/28/2016,0.744214,0.7494,0.743494,0.744546,0.744546,0
11/29/2016,0.749569,0.74985,0.743467,0.749457,0.749457,0
11/30/2016,0.748503,0.749738,0.73888,0.748447,0.748447,0
12/1/2016,0.739044,0.74206,0.737626,0.73888,0.73888,0
12/2/2016,0.74228,0.746826,0.740247,0.742115,0.742115,0
12/5/2016,0.743937,0.746993,0.741565,0.74438,0.74438,0
12/6/2016,0.747323,0.748279,0.743384,0.74744,0.74744,0
12/7/2016,0.747272,0.748223,0.741895,0.747217,0.747217,0
12/8/2016,0.748671,0.750638,0.743052,0.748615,0.748615,0
12/9/2016,0.745935,0.749681,0.744491,0.745951,0.745951,0
12/12/2016,0.744879,0.750525,0.743826,0.744823,0.744823,0
12/13/2016,0.749681,0.752389,0.747664,0.749738,0.749738,0
12/14/2016,0.749457,0.752276,0.748335,0.749457,0.749457,0
12/15/2016,0.740631,0.743052,0.734916,0.74107,0.74107,0
12/16/2016,0.736757,0.736974,0.726945,0.736811,0.736811,0
12/19/2016,0.729182,0.731475,0.725058,0.729129,0.729129,0
12/20/2016,0.725216,0.726375,0.722387,0.725111,0.725111,0
12/21/2016,0.72685,0.728226,0.724165,0.726956,0.726956,0
12/22/2016,0.723589,0.725795,0.719942,0.723537,0.723537,0
12/23/2016,0.722178,0.722909,0.716076,0.722178,0.722178,0
12/26/2016,0.717721,0.724638,0.716794,0.717927,0.717927,0
12/27/2016,0.718133,0.719994,0.717412,0.718081,0.718081,0
12/28/2016,0.719114,0.722022,0.716486,0.719114,0.719114,0
12/29/2016,0.718494,0.722022,0.718391,0.718494,0.718494,0
12/30/2016,0.723641,0.724795,0.721709,0.723484,0.723484,0
1/2/2017,0.720981,0.722178,0.717,0.720981,0.720981,0
1/3/2017,0.71958,0.723798,0.71958,0.719683,0.719683,0
1/4/2017,0.723066,0.727961,0.722116,0.722993,0.722993,0
1/5/2017,0.728916,0.734916,0.727908,0.728704,0.728704,0
1/6/2017,0.733783,0.73551,0.730727,0.733837,0.733837,0
1/9/2017,0.731261,0.7347,0.7303,0.731208,0.731208,0
1/10/2017,0.735727,0.738607,0.733353,0.735998,0.735998,0
1/11/2017,0.736052,0.739809,0.735348,0.73616,0.73616,0
1/12/2017,0.744823,0.751993,0.743052,0.744713,0.744713,0
1/13/2017,0.748783,0.750807,0.745156,0.748839,0.748839,0
1/16/2017,0.750188,0.750188,0.745935,0.749794,0.749794,0
1/17/2017,0.747272,0.756258,0.746597,0.747328,0.747328,0
1/18/2017,0.754968,0.756716,0.754063,0.75507,0.75507,0
1/19/2017,0.751033,0.757232,0.749412,0.75092,0.75092,0
1/20/2017,0.756659,0.758898,0.751823,0.756659,0.756659,0
1/23/2017,0.757163,0.758783,0.755116,0.757346,0.757346,0
1/24/2017,0.758265,0.760977,0.75543,0.758265,0.758265,0
1/25/2017,0.758967,0.759821,0.751654,0.759244,0.759244,0
1/26/2017,0.757863,0.75861,0.752887,0.757404,0.757404,0
1/27/2017,0.753182,0.757117,0.751349,0.753352,0.753352,0
1/30/2017,0.75547,0.756773,0.752955,0.755361,0.755361,0
1/31/2017,0.75631,0.760572,0.75437,0.756544,0.756544,0
2/1/2017,0.757805,0.759821,0.755201,0.758035,0.758035,0
2/2/2017,0.758553,0.769586,0.758553,0.75838,0.75838,0
2/3/2017,0.765697,0.769586,0.76365,0.765462,0.765462,0
2/6/2017,0.767813,0.768108,0.763033,0.767601,0.767601,0
2/7/2017,0.764701,0.768226,0.760803,0.764584,0.764584,0
2/8/2017,0.762032,0.766518,0.761383,0.762253,0.762253,0
2/9/2017,0.763475,0.766401,0.761249,0.763172,0.763172,0
2/10/2017,0.762718,0.767519,0.762009,0.76259,0.76259,0
2/13/2017,0.766948,0.76799,0.763242,0.767012,0.767012,0
2/14/2017,0.764269,0.769882,0.762486,0.76424,0.76424,0
2/15/2017,0.766942,0.768935,0.763773,0.76693,0.76693,0
2/16/2017,0.77238,0.773228,0.76861,0.772147,0.772147,0
2/17/2017,0.769764,0.771426,0.76599,0.769823,0.769823,0
2/20/2017,0.766812,0.768882,0.766107,0.766801,0.766801,0
2/21/2017,0.76887,0.768935,0.765088,0.768876,0.768876,0
2/22/2017,0.76766,0.771129,0.766754,0.767636,0.767636,0
2/23/2017,0.769752,0.774174,0.766671,0.769704,0.769704,0
2/24/2017,0.771307,0.772082,0.76663,0.771307,0.771307,0
2/27/2017,0.766871,0.770452,0.766695,0.767048,0.767048,0
2/28/2017,0.76756,0.769586,0.766871,0.767636,0.767636,0
3/1/2017,0.764292,0.769764,0.764,0.764228,0.764228,0
3/2/2017,0.765978,0.766577,0.756802,0.765755,0.765755,0
3/3/2017,0.75726,0.758438,0.754489,0.757232,0.757232,0
3/6/2017,0.759042,0.760977,0.757174,0.759474,0.759474,0
3/7/2017,0.759157,0.762922,0.758553,0.758921,0.758921,0
3/8/2017,0.759232,0.760977,0.753466,0.759497,0.759497,0
3/9/2017,0.752729,0.753466,0.749344,0.752899,0.752899,0
3/10/2017,0.750751,0.755492,0.750638,0.750751,0.750751,0
3/13/2017,0.75404,0.759301,0.753523,0.754375,0.754375,0
3/14/2017,0.757117,0.757708,0.754091,0.756659,0.756659,0
3/15/2017,0.756618,0.760283,0.755687,0.75655,0.75655,0
3/16/2017,0.77063,0.771629,0.76646,0.770594,0.770594,0
3/17/2017,0.767165,0.771724,0.766689,0.766989,0.766989,0
3/20/2017,0.770772,0.774689,0.769882,0.770475,0.770475,0
3/21/2017,0.773096,0.775074,0.77006,0.773036,0.773036,0
3/22/2017,0.767283,0.768403,0.764082,0.767413,0.767413,0
3/23/2017,0.766812,0.766989,0.762544,0.766942,0.766942,0
3/24/2017,0.763592,0.764234,0.760549,0.763417,0.763417,0
3/27/2017,0.76344,0.764994,0.761035,0.763301,0.763301,0
3/28/2017,0.762951,0.76558,0.758898,0.762893,0.762893,0
3/29/2017,0.765462,0.766577,0.763417,0.76524,0.76524,0
3/30/2017,0.767271,0.768108,0.765111,0.767048,0.767048,0
3/31/2017,0.765169,0.766401,0.762428,0.765521,0.765521,0
4/3/2017,0.763068,0.764117,0.759186,0.762992,0.762992,0
4/4/2017,0.760508,0.761499,0.75466,0.760514,0.760514,0
4/5/2017,0.75683,0.758783,0.756086,0.756888,0.756888,0
4/6/2017,0.756601,0.756945,0.753352,0.756779,0.756779,0
4/7/2017,0.753977,0.754603,0.750508,0.754148,0.754148,0
4/10/2017,0.750694,0.75092,0.74768,0.750723,0.750723,0
4/11/2017,0.750678,0.751597,0.747608,0.750694,0.750694,0
4/12/2017,0.75003,0.750976,0.748111,0.750362,0.750362,0
4/13/2017,0.753818,0.75959,0.75333,0.753909,0.753909,0
4/14/2017,0.756601,0.758495,0.756018,0.756601,0.756601,0
4/17/2017,0.758093,0.761058,0.757978,0.758093,0.758093,0
4/18/2017,0.759186,0.759705,0.753409,0.759186,0.759186,0
4/19/2017,0.755915,0.756258,0.749681,0.755915,0.755915,0
4/20/2017,0.749518,0.754774,0.749518,0.749625,0.749625,0
4/21/2017,0.751823,0.754603,0.751648,0.751908,0.751908,0
4/24/2017,0.755801,0.75838,0.754888,0.755572,0.755572,0
4/25/2017,0.756149,0.756716,0.752106,0.755972,0.755972,0
4/26/2017,0.753687,0.754603,0.745551,0.753693,0.753693,0
4/27/2017,0.747887,0.749232,0.744103,0.748033,0.748033,0
4/28/2017,0.747105,0.748503,0.744823,0.74672,0.74672,0
5/1/2017,0.748391,0.754205,0.747496,0.748341,0.748341,0
5/2/2017,0.753131,0.755687,0.751089,0.753409,0.753409,0
5/3/2017,0.754432,0.75466,0.744657,0.754318,0.754318,0
5/4/2017,0.742898,0.743108,0.738389,0.742887,0.742887,0
5/5/2017,0.741125,0.741895,0.737028,0.741235,0.741235,0
5/8/2017,0.74135,0.742335,0.738116,0.741581,0.741581,0
5/9/2017,0.738973,0.739919,0.73303,0.73888,0.73888,0
5/10/2017,0.73416,0.739382,0.734053,0.734241,0.734241,0
5/11/2017,0.735803,0.737849,0.733945,0.736106,0.736106,0
5/12/2017,0.73779,0.74228,0.736909,0.737898,0.737898,0
5/15/2017,0.739372,0.744602,0.738918,0.73929,0.73929,0
5/16/2017,0.742016,0.743826,0.739579,0.742054,0.742054,0
5/17/2017,0.742225,0.744291,0.738973,0.742115,0.742115,0
5/18/2017,0.742997,0.746714,0.740949,0.743108,0.743108,0
5/19/2017,0.74206,0.746046,0.740796,0.742225,0.742225,0
5/22/2017,0.745156,0.748867,0.743605,0.745212,0.745212,0
5/23/2017,0.747217,0.751823,0.746887,0.747105,0.747105,0
5/24/2017,0.747496,0.748615,0.744325,0.747161,0.747161,0
5/25/2017,0.749749,0.75188,0.746168,0.749749,0.749749,0
5/26/2017,0.745434,0.746157,0.74228,0.745601,0.745601,0
5/29/2017,0.744325,0.745212,0.74287,0.744435,0.744435,0
5/30/2017,0.743893,0.746603,0.74195,0.743882,0.743882,0
5/31/2017,0.74599,0.747608,0.74276,0.745935,0.745935,0
6/1/2017,0.742556,0.745323,0.737354,0.742666,0.742666,0
6/2/2017,0.738062,0.74438,0.737479,0.737953,0.737953,0
6/5/2017,0.742666,0.748783,0.742335,0.74287,0.74287,0
6/6/2017,0.748895,0.752219,0.745851,0.748727,0.748727,0
6/7/2017,0.75101,0.756659,0.750131,0.750976,0.750976,0
6/8/2017,0.753977,0.755572,0.752559,0.754205,0.754205,0
6/9/2017,0.752842,0.754392,0.75201,0.752831,0.752831,0
6/12/2017,0.752842,0.754774,0.752219,0.753012,0.753012,0
6/13/2017,0.754888,0.756487,0.752559,0.754774,0.754774,0
6/14/2017,0.753699,0.763534,0.753352,0.753807,0.753807,0
6/15/2017,0.758956,0.763417,0.756991,0.758898,0.758898,0
6/16/2017,0.758783,0.762718,0.757742,0.758553,0.758553,0
6/19/2017,0.761783,0.763126,0.75861,0.762137,0.762137,0
6/20/2017,0.759198,0.762253,0.757329,0.759192,0.759192,0
6/21/2017,0.757691,0.757972,0.754831,0.75761,0.75761,0
6/22/2017,0.755173,0.756315,0.753631,0.755087,0.755087,0
6/23/2017,0.754205,0.758323,0.754148,0.754148,0.754148,0
6/26/2017,0.757174,0.760109,0.756601,0.756767,0.756767,0
6/27/2017,0.758288,0.762718,0.757771,0.758438,0.758438,0
6/28/2017,0.758668,0.764059,0.757869,0.758668,0.758668,0
6/29/2017,0.763709,0.768699,0.763709,0.763592,0.763592,0
6/30/2017,0.768657,0.77101,0.766871,0.768521,0.768521,0
7/3/2017,0.768994,0.769402,0.764584,0.768829,0.768829,0
7/4/2017,0.766618,0.768226,0.759186,0.766618,0.766618,0
7/5/2017,0.761209,0.763161,0.757174,0.761209,0.761209,0
7/6/2017,0.759919,0.761441,0.757805,0.760092,0.760092,0
7/7/2017,0.758035,0.762137,0.757289,0.757978,0.757978,0
7/10/2017,0.760514,0.761615,0.758783,0.760514,0.760514,0
7/11/2017,null,null,null,null,null,null
7/12/2017,0.763942,0.768462,0.763767,0.763901,0.763901,0
7/13/2017,0.76799,0.774114,0.767648,0.767919,0.767919,0
7/14/2017,0.774174,0.782871,0.773539,0.774054,0.774054,0
7/17/2017,0.782491,0.783822,0.78039,0.782522,0.782522,0
7/18/2017,0.779089,0.794407,0.778755,0.779101,0.779101,0
7/19/2017,0.791954,0.795482,0.791271,0.791828,0.791828,0
7/20/2017,0.795969,0.798467,0.789808,0.79602,0.79602,0
7/21/2017,0.794811,0.795039,0.787873,0.794786,0.794786,0
7/24/2017,0.792456,0.796749,0.790514,0.792531,0.792531,0
7/25/2017,0.792531,0.797067,0.790839,0.79277,0.79277,0
7/26/2017,0.793141,0.793733,0.787997,0.793273,0.793273,0
7/27/2017,0.800077,0.806582,0.795811,0.800013,0.800013,0
7/28/2017,0.797607,0.800679,0.793777,0.797359,0.797359,0
7/31/2017,0.798193,0.798913,0.795773,0.798594,0.798594,0
8/1/2017,0.800378,0.804505,0.796197,0.799872,0.799872,0
8/2/2017,0.795672,0.798531,0.794281,0.795608,0.795608,0
8/3/2017,0.795608,0.795893,0.791703,0.79552,0.79552,0
8/4/2017,0.795672,0.798085,0.789204,0.795988,0.795988,0
8/7/2017,0.792977,0.794723,0.790264,0.793084,0.793084,0
8/8/2017,0.791578,0.794281,0.788967,0.791672,0.791672,0
8/9/2017,0.789391,0.789902,0.78583,0.789827,0.789827,0
8/10/2017,0.789266,0.791083,0.786751,0.78916,0.78916,0
8/11/2017,0.786658,0.790826,0.784037,0.786658,0.786658,0
8/14/2017,0.790451,0.791954,0.785669,0.790408,0.790408,0
8/15/2017,0.785583,0.78765,0.780823,0.785361,0.785361,0
8/16/2017,0.782656,0.789204,0.782534,0.782595,0.782595,0
8/17/2017,0.79321,0.79628,0.791089,0.79321,0.79321,0
8/18/2017,0.787464,0.793903,0.787464,0.787526,0.787526,0
8/21/2017,0.792852,0.795102,0.791139,0.792751,0.792751,0
8/22/2017,0.793966,0.795039,0.789827,0.793777,0.793777,0
8/23/2017,0.791102,0.791139,0.78842,0.791327,0.791327,0
8/24/2017,0.791471,0.79164,0.78677,0.791077,0.791077,0
8/25/2017,0.789702,0.795361,0.788637,0.790014,0.790014,0
8/28/2017,0.79425,0.796369,0.79277,0.79406,0.79406,0
8/29/2017,0.792581,0.798237,0.79233,0.792456,0.792456,0
8/30/2017,0.795938,0.79968,0.789123,0.795672,0.795672,0
8/31/2017,0.790639,0.793966,0.787278,0.790701,0.790701,0
9/1/2017,0.794199,0.799233,0.792267,0.793966,0.793966,0
9/4/2017,0.796495,0.797194,0.794382,0.79647,0.79647,0
9/5/2017,0.79459,0.802813,0.794458,0.794534,0.794534,0
9/6/2017,0.800769,0.801989,0.796559,0.800698,0.800698,0
9/7/2017,0.800833,0.804505,0.797741,0.80109,0.80109,0
9/8/2017,0.805601,0.812427,0.805179,0.805802,0.805802,0
9/11/2017,0.804803,0.805932,0.802246,0.805153,0.805153,0
9/12/2017,0.802375,0.804887,0.799936,0.802375,0.802375,0
9/13/2017,0.801796,0.804505,0.797372,0.802008,0.802008,0
9/14/2017,0.79818,0.801667,0.795982,0.797957,0.797957,0
9/15/2017,0.800282,0.802942,0.798779,0.800179,0.800179,0
9/18/2017,0.79968,0.803536,0.796495,0.79968,0.79968,0
9/19/2017,0.79701,0.80141,0.796311,0.797111,0.797111,0
9/20/2017,0.800576,0.807331,0.800064,0.800576,0.800576,0
9/21/2017,0.801667,0.801925,0.791791,0.801667,0.801667,0
9/22/2017,0.793021,0.798677,0.790958,0.793059,0.793059,0
9/25/2017,0.796369,0.797321,0.793462,0.796495,0.796495,0
9/26/2017,0.793714,0.795102,0.787098,0.793682,0.793682,0
9/27/2017,0.78765,0.78883,0.783748,0.787761,0.787761,0
9/28/2017,0.785071,0.785793,0.780031,0.785071,0.785071,0
9/29/2017,0.784732,0.785608,0.782228,0.784628,0.784628,0
10/2/2017,0.784142,0.784621,0.779606,0.78456,0.78456,0
10/3/2017,0.78273,0.78456,0.778695,0.782718,0.782718,0
10/4/2017,0.783576,0.787464,0.783509,0.783631,0.783631,0
10/5/2017,0.786269,0.786596,0.779599,0.78617,0.78617,0
10/6/2017,0.779162,0.77991,0.773437,0.779059,0.779059,0
10/9/2017,0.777853,0.778271,0.774881,0.777938,0.777938,0
10/10/2017,0.77591,0.779703,0.775861,0.775916,0.775916,0
10/11/2017,0.778513,0.780738,0.777605,0.778652,0.778652,0
10/12/2017,0.78064,0.783423,0.779995,0.780457,0.780457,0
10/13/2017,0.782742,0.78964,0.78235,0.782779,0.782779,0
10/16/2017,0.788619,0.788899,0.785762,0.788569,0.788569,0
10/17/2017,0.784591,0.786225,0.781922,0.784418,0.784418,0
10/18/2017,0.784997,0.785793,0.781922,0.78517,0.78517,0
10/19/2017,0.78432,0.788457,0.784314,0.784252,0.784252,0
10/20/2017,0.787811,0.787898,0.780884,0.787507,0.787507,0
10/23/2017,0.780701,0.783515,0.779709,0.780701,0.780701,0
10/24/2017,0.781299,0.782595,0.777152,0.78125,0.78125,0
10/25/2017,0.777605,0.778695,0.76929,0.777544,0.777544,0
10/26/2017,0.770832,0.772022,0.76746,0.77079,0.77079,0
10/27/2017,0.766242,0.767106,0.762672,0.765972,0.765972,0
10/30/2017,0.766636,0.768728,0.765703,0.766812,0.766812,0
10/31/2017,0.769527,0.769823,0.764111,0.769764,0.769764,0
11/1/2017,0.765937,0.769598,0.764883,0.76599,0.76599,0
11/2/2017,0.767748,0.773036,0.767748,0.767695,0.767695,0
11/3/2017,0.771379,0.771724,0.76407,0.771391,0.771391,0
11/6/2017,0.765041,0.767731,0.764,0.765169,0.765169,0
11/7/2017,0.768699,0.770048,0.762881,0.768994,0.768994,0
11/8/2017,0.765562,0.768521,0.764526,0.765509,0.765509,0
11/9/2017,0.767872,0.769408,0.765029,0.767872,0.767872,0
11/10/2017,0.768262,0.769539,0.765568,0.768262,0.768262,0
11/13/2017,0.764701,0.766695,0.762195,0.764701,0.764701,0
11/14/2017,0.761615,0.765111,0.76136,0.761499,0.761499,0
11/15/2017,0.763068,0.763283,0.757461,0.763126,0.763126,0
11/16/2017,null,null,null,null,null,null
11/17/2017,0.758725,0.760803,0.753636,0.758731,0.758731,0
11/20/2017,0.755298,0.757404,0.75454,0.755401,0.755401,0
11/21/2017,0.755453,0.758979,0.753301,0.755572,0.755572,0
11/22/2017,0.75861,0.759878,0.755578,0.758489,0.758489,0
11/23/2017,0.761383,0.763884,0.760439,0.761383,0.761383,0
11/24/2017,0.762532,0.762893,0.760769,0.762567,0.762567,0
11/27/2017,0.761267,0.764818,0.759428,0.761197,0.761197,0
11/28/2017,0.760861,0.762021,0.758921,0.760717,0.760717,0
11/29/2017,0.76063,0.760803,0.755401,0.760549,0.760549,0
11/30/2017,0.756315,0.759492,0.755881,0.756659,0.756659,0
12/1/2017,0.756487,0.763884,0.755801,0.756344,0.756344,0
12/4/2017,0.759129,0.761673,0.758041,0.759013,0.759013,0
12/5/2017,0.760398,0.765462,0.760167,0.76041,0.76041,0
12/6/2017,0.760688,0.761383,0.756029,0.760462,0.760462,0
12/7/2017,0.756888,0.756888,0.751552,0.756687,0.756687,0
12/8/2017,0.751033,0.753296,0.750221,0.751202,0.751202,0
12/11/2017,0.750779,0.754489,0.750739,0.750807,0.750807,0
12/12/2017,0.753125,0.758093,0.751993,0.75295,0.75295,0
12/13/2017,0.755818,0.761615,0.755458,0.755658,0.755658,0
12/14/2017,0.763091,0.767577,0.762899,0.763301,0.763301,0
12/15/2017,0.76656,0.769527,0.764292,0.766501,0.766501,0
12/18/2017,0.764818,0.767695,0.764152,0.765111,0.765111,0
12/19/2017,0.76643,0.768403,0.764643,0.766577,0.766577,0
12/20/2017,0.765252,0.768226,0.765252,0.765345,0.765345,0
12/21/2017,0.767201,0.770416,0.765439,0.767224,0.767224,0
12/22/2017,0.770594,0.77232,0.770369,0.770772,0.770772,0
12/25/2017,0.771605,0.775855,0.771188,0.771486,0.771486,0
12/26/2017,0.772499,0.772798,0.771367,0.772559,0.772559,0
12/27/2017,0.773048,0.777605,0.773036,0.773043,0.773043,0
12/28/2017,0.777544,0.781128,0.777484,0.777484,0.777484,0
12/29/2017,0.779484,0.782595,0.778998,0.779429,0.779429,0
1/1/2018,0.780701,0.781494,0.780153,0.780214,0.780214,0
1/2/2018,0.780031,0.784621,0.780031,0.780104,0.780104,0
1/3/2018,0.783269,0.784498,0.780579,0.783392,0.783392,0
1/4/2018,0.782901,0.786281,0.781537,0.78284,0.78284,0
1/5/2018,0.786392,0.787092,0.783589,0.78638,0.78638,0
1/8/2018,0.786164,0.787253,0.78284,0.786102,0.786102,0
1/9/2018,0.784498,0.786491,0.780829,0.784806,0.784806,0
1/10/2018,0.781152,0.786658,0.780933,0.781067,0.781067,0
1/11/2018,0.784708,0.788706,0.783945,0.784732,0.784732,0
1/12/2018,0.788581,0.79032,0.784868,0.788581,0.788581,0
1/15/2018,0.790889,0.797894,0.790889,0.790889,0.790889,0
1/16/2018,0.796052,0.797703,0.793777,0.796292,0.796292,0
1/17/2018,0.797257,0.799898,0.79413,0.79713,0.79713,0
1/18/2018,0.797162,0.800705,0.794281,0.797251,0.797251,0
1/19/2018,0.800692,0.803988,0.799399,0.800576,0.800576,0
1/22/2018,0.800192,0.80289,0.797938,0.800211,0.800211,0
1/23/2018,0.80082,0.803019,0.795697,0.800833,0.800833,0
1/24/2018,0.800384,0.808277,0.799424,0.800448,0.800448,0
1/25/2018,0.805121,0.812018,0.805121,0.804894,0.804894,0
1/26/2018,0.803019,0.810833,0.802607,0.802923,0.802923,0
1/29/2018,0.811603,0.81182,0.807559,0.811688,0.811688,0
1/30/2018,0.809697,0.8113,0.804382,0.809599,0.809599,0
1/31/2018,0.809782,0.811622,0.804693,0.81011,0.81011,0
2/1/2018,0.806192,0.806712,0.798913,0.806127,0.806127,0
2/2/2018,0.804117,0.804117,0.792205,0.804052,0.804052,0
2/5/2018,0.79067,0.795437,0.790389,0.790639,0.790639,0
2/6/2018,0.787637,0.789079,0.783638,0.787464,0.787464,0
2/7/2018,0.789278,0.790776,0.783908,0.789391,0.789391,0
2/8/2018,0.781739,0.784375,0.778452,0.781739,0.781739,0
2/9/2018,0.778574,0.783012,0.776036,0.77875,0.77875,0
2/12/2018,0.781983,0.784511,0.781116,0.78202,0.78202,0
2/13/2018,0.78575,0.787588,0.783098,0.785916,0.785916,0
2/14/2018,0.786139,0.789017,0.777544,0.786102,0.786102,0
2/15/2018,0.792958,0.796686,0.789328,0.792833,0.792833,0
2/16/2018,0.794723,0.798977,0.790451,0.794382,0.794382,0
2/19/2018,0.791208,0.793714,0.790002,0.791202,0.791202,0
2/20/2018,0.790952,0.793147,0.788103,0.790889,0.790889,0
2/21/2018,0.78809,0.789827,0.783061,0.78809,0.78809,0
2/22/2018,0.779757,0.785978,0.77912,0.779843,0.779843,0
2/23/2018,0.783822,0.784375,0.78064,0.783951,0.783951,0
2/26/2018,0.783945,0.789079,0.782822,0.78384,0.78384,0
2/27/2018,0.784991,0.786906,0.779618,0.784991,0.784991,0
2/28/2018,0.779041,0.782105,0.778331,0.779362,0.779362,0
3/1/2018,0.776199,0.776699,0.771367,0.776578,0.776578,0
3/2/2018,0.776554,0.777424,0.773814,0.77647,0.77647,0
3/5/2018,0.775609,0.777122,0.772678,0.77547,0.77547,0
3/6/2018,0.776651,0.784068,0.775723,0.776699,0.776699,0
3/7/2018,0.778634,0.782981,0.777303,0.778634,0.778634,0
3/8/2018,0.782963,0.783822,0.777726,0.782712,0.782712,0
3/9/2018,0.778998,0.785299,0.777768,0.779059,0.779059,0
3/12/2018,0.786287,0.788022,0.785583,0.786269,0.786269,0
3/13/2018,0.787278,0.789889,0.78596,0.78729,0.78729,0
3/14/2018,0.785978,0.791703,0.785731,0.785799,0.785799,0
3/15/2018,0.788171,0.788581,0.781006,0.787979,0.787979,0
3/16/2018,0.779059,0.780579,0.771968,0.778938,0.778938,0
3/19/2018,0.771545,0.772201,0.768758,0.771605,0.771605,0
3/20/2018,0.771016,0.772082,0.768344,0.770832,0.770832,0
3/21/2018,0.768994,0.771307,0.767342,0.769053,0.769053,0
3/22/2018,0.777726,0.778198,0.769071,0.777478,0.777478,0
3/23/2018,0.769823,0.774293,0.769639,0.769349,0.769349,0
3/26/2018,0.771307,0.774797,0.771129,0.770861,0.770861,0
3/27/2018,0.775512,0.775916,0.769787,0.775615,0.775615,0
3/28/2018,0.768722,0.770475,0.765462,0.768758,0.768758,0
3/29/2018,0.766201,0.768876,0.764351,0.766008,0.766008,0
3/30/2018,0.768681,0.770951,0.767442,0.76858,0.76858,0
4/2/2018,0.768368,0.769574,0.765398,0.768303,0.768303,0
4/3/2018,0.765404,0.770772,0.765363,0.765462,0.765462,0
4/4/2018,0.768226,0.771724,0.766348,0.768203,0.768203,0
4/5/2018,0.772022,0.772499,0.767636,0.771998,0.771998,0
4/6/2018,0.767148,0.76993,0.766754,0.76683,0.76683,0
4/9/2018,0.767902,0.770891,0.765287,0.768226,0.768226,0
4/10/2018,0.770001,0.77647,0.769408,0.769959,0.769959,0
4/11/2018,0.776337,0.777424,0.774054,0.776398,0.776398,0
4/12/2018,0.776337,0.777303,0.773994,0.776518,0.776518,0
4/13/2018,0.77612,0.781128,0.776036,0.775735,0.775735,0
4/16/2018,0.777309,0.778289,0.775374,0.777448,0.777448,0
4/17/2018,0.777424,0.77918,0.776096,0.777291,0.777291,0
4/18/2018,0.776789,0.779727,0.774593,0.776699,0.776699,0
4/19/2018,0.778877,0.781494,0.774833,0.778889,0.778889,0
4/20/2018,0.772082,0.772798,0.765591,0.772338,0.772338,0
4/23/2018,0.765961,0.768521,0.760977,0.76599,0.76599,0
4/24/2018,0.7603,0.762311,0.758265,0.760341,0.760341,0
4/25/2018,0.760439,0.760439,0.755344,0.76063,0.76063,0
4/26/2018,0.756859,0.759129,0.754831,0.757117,0.757117,0
4/27/2018,0.755687,0.7573,0.753296,0.755687,0.755687,0
4/30/2018,0.757289,0.758208,0.753636,0.757518,0.757518,0
5/1/2018,0.753284,0.75466,0.74744,0.753239,0.753239,0
5/2/2018,0.748503,0.752955,0.747719,0.74829,0.74829,0
5/3/2018,0.748727,0.754262,0.748671,0.748671,0.748671,0
5/4/2018,0.752955,0.756315,0.749344,0.752842,0.752842,0
5/7/2018,0.752672,0.754489,0.7494,0.752423,0.752423,0
5/8/2018,0.75188,0.752785,0.743478,0.75188,0.75188,0
5/9/2018,0.744491,0.747189,0.7414,0.744934,0.744934,0
5/10/2018,0.746102,0.753182,0.745601,0.745935,0.745935,0
5/11/2018,0.752559,0.756544,0.752389,0.752615,0.752615,0
5/14/2018,0.755116,0.756544,0.754375,0.75511,0.75511,0
5/15/2018,0.752729,0.753693,0.74494,0.752598,0.752598,0
5/16/2018,0.746848,0.751823,0.744851,0.746848,0.746848,0
5/17/2018,0.75171,0.754888,0.749968,0.751767,0.751767,0
5/18/2018,0.750458,0.752785,0.748951,0.750638,0.750638,0
5/21/2018,0.752219,0.757117,0.750356,0.752428,0.752428,0
5/22/2018,0.75807,0.760549,0.757346,0.758265,0.758265,0
5/23/2018,0.757978,0.758323,0.752332,0.757892,0.757892,0
5/24/2018,0.756601,0.757404,0.754375,0.756716,0.756716,0
5/25/2018,0.757002,0.759129,0.755059,0.757197,0.757197,0
5/28/2018,0.755687,0.758208,0.754546,0.755687,0.755687,0
5/29/2018,0.75466,0.755401,0.751021,0.754774,0.754774,0
5/30/2018,0.748447,0.757461,0.748335,0.748167,0.748167,0
5/31/2018,0.757209,0.759301,0.75539,0.757117,0.757117,0
6/1/2018,0.756144,0.756911,0.751936,0.756212,0.756212,0
6/4/2018,0.756922,0.766642,0.756922,0.756882,0.756882,0
6/5/2018,0.765287,0.76558,0.759549,0.765404,0.765404,0
6/6/2018,0.762486,0.767813,0.762428,0.762462,0.762462,0
6/7/2018,0.766342,0.767283,0.762776,0.766577,0.766577,0
6/8/2018,0.761458,0.762718,0.756144,0.761441,0.761441,0
6/11/2018,0.760202,0.762253,0.75963,0.76019,0.76019,0
6/12/2018,0.760479,0.762486,0.758668,0.760462,0.760462,0
6/13/2018,0.757404,0.761093,0.755744,0.757576,0.757576,0
6/14/2018,0.75683,0.757518,0.751033,0.757071,0.757071,0
6/15/2018,0.746503,0.747999,0.744651,0.746547,0.746547,0
6/18/2018,0.74397,0.745434,0.741785,0.743992,0.743992,0
6/19/2018,0.740521,0.742556,0.734862,0.740357,0.740357,0
6/20/2018,0.739098,0.740905,0.737061,0.738825,0.738825,0
6/21/2018,0.737191,0.739208,0.734646,0.737409,0.737409,0
6/22/2018,0.73779,0.744214,0.737708,0.737898,0.737898,0
6/25/2018,0.743826,0.744103,0.739847,0.743837,0.743837,0
6/26/2018,0.740905,0.742501,0.738225,0.74096,0.74096,0
6/27/2018,0.739098,0.740763,0.736269,0.739169,0.739169,0
6/28/2018,0.734187,0.736323,0.73303,0.734322,0.734322,0
6/29/2018,0.7347,0.740192,0.733622,0.734646,0.734646,0
7/2/2018,0.739864,0.739919,0.731315,0.739864,0.739864,0
7/3/2018,0.733837,0.740412,0.731722,0.733891,0.733891,0
7/4/2018,0.737844,0.742225,0.737572,0.737844,0.737844,0
7/5/2018,0.737844,0.740851,0.736279,0.738171,0.738171,0
7/6/2018,0.738716,0.744402,0.73779,0.738662,0.738662,0
7/9/2018,0.743605,0.748408,0.743605,0.743633,0.743633,0
7/10/2018,0.747049,0.748391,0.743108,0.747049,0.747049,0
7/11/2018,0.741752,0.742909,0.738389,0.7414,0.7414,0
7/12/2018,0.73654,0.741961,0.736193,0.736589,0.736589,0
7/13/2018,0.740702,0.74228,0.73692,0.740686,0.740686,0
7/16/2018,0.741878,0.744325,0.741043,0.742115,0.742115,0
7/17/2018,0.7414,0.743826,0.738716,0.741471,0.741471,0
7/18/2018,0.737898,0.739607,0.734419,0.737741,0.737741,0
7/19/2018,0.740192,0.743992,0.732418,0.739891,0.739891,0
7/20/2018,0.736323,0.74228,0.732064,0.736279,0.736279,0
7/23/2018,0.743312,0.743528,0.737659,0.743301,0.743301,0
7/24/2018,0.738007,0.743384,0.736128,0.738007,0.738007,0
7/25/2018,0.74271,0.744048,0.739262,0.742622,0.742622,0
7/26/2018,0.746046,0.74638,0.737953,0.74594,0.74594,0
7/27/2018,0.738334,0.74162,0.737061,0.738007,0.738007,0
7/30/2018,0.740028,0.7414,0.738732,0.740083,0.740083,0
7/31/2018,0.740938,0.744214,0.740461,0.74073,0.74073,0
8/1/2018,0.741851,0.742501,0.73993,0.74195,0.74195,0
8/2/2018,0.740582,0.741021,0.73564,0.740582,0.740582,0
8/3/2018,0.735981,0.741125,0.734878,0.736008,0.736008,0
8/6/2018,0.739443,0.740576,0.737572,0.73959,0.73959,0
8/7/2018,0.738607,0.744103,0.738498,0.738552,0.738552,0
8/8/2018,0.742611,0.743605,0.738492,0.742446,0.742446,0
8/9/2018,0.742661,0.745323,0.73929,0.742777,0.742777,0
8/10/2018,0.737354,0.737681,0.728544,0.737246,0.737246,0
8/13/2018,0.728762,0.729288,0.726332,0.72881,0.72881,0
8/14/2018,0.726422,0.728385,0.723788,0.726797,0.726797,0
8/15/2018,0.723798,0.723798,0.720305,0.723589,0.723589,0
8/16/2018,0.723694,0.728704,0.722804,0.723369,0.723369,0
8/17/2018,0.726111,0.729022,0.725531,0.725953,0.725953,0
8/20/2018,0.730887,0.73185,0.72965,0.730818,0.730818,0
8/21/2018,0.733622,0.736594,0.733439,0.733649,0.733649,0
8/22/2018,0.736198,0.73654,0.733514,0.735981,0.735981,0
8/23/2018,0.733407,0.733407,0.726269,0.733299,0.733299,0
8/24/2018,0.724428,0.73443,0.723898,0.724323,0.724323,0
8/27/2018,0.734268,0.735024,0.730887,0.734408,0.734408,0
8/28/2018,0.73497,0.736377,0.732257,0.734862,0.734862,0
8/29/2018,0.7347,0.735078,0.727696,0.734107,0.734107,0
8/30/2018,0.731112,0.731112,0.72619,0.731192,0.731192,0
8/31/2018,0.726164,0.72648,0.719011,0.726164,0.726164,0
9/3/2018,0.718912,0.722387,0.717,0.719321,0.719321,0
9/4/2018,0.720617,0.723589,0.715932,0.720825,0.720825,0
9/5/2018,0.718546,0.721813,0.714796,0.718339,0.718339,0
9/6/2018,0.719616,0.721084,0.716743,0.719611,0.719611,0
9/7/2018,0.719062,0.719238,0.712809,0.719062,0.719062,0
9/10/2018,0.711389,0.713419,0.70999,0.711794,0.711794,0
9/11/2018,0.710884,0.713012,0.708617,0.710985,0.710985,0
9/12/2018,0.711187,0.718081,0.709421,0.711071,0.711071,0
9/13/2018,0.717051,0.723014,0.716851,0.717062,0.717062,0
9/14/2018,0.718701,0.721709,0.717129,0.718804,0.718804,0
9/17/2018,0.71426,0.719735,0.71426,0.714592,0.714592,0
9/18/2018,0.71449,0.722126,0.71449,0.714592,0.714592,0
9/19/2018,0.722491,0.727431,0.721501,0.722601,0.722601,0
9/20/2018,0.725948,0.729022,0.725521,0.725953,0.725953,0
9/21/2018,0.728704,0.7303,0.726549,0.728651,0.728651,0
9/24/2018,0.728014,0.728279,0.725321,0.727855,0.727855,0
9/25/2018,0.725258,0.726375,0.723694,0.725321,0.725321,0
9/26/2018,0.724848,0.728491,0.724113,0.7249,0.7249,0
9/27/2018,0.725531,0.726903,0.721033,0.725789,0.725789,0
9/28/2018,0.72058,0.724218,0.720461,0.720513,0.720513,0
10/1/2018,0.722298,0.722804,0.720767,0.722392,0.722392,0
10/2/2018,0.72281,0.723746,0.716332,0.722857,0.722857,0
10/3/2018,0.718701,0.71958,0.713572,0.718752,0.718752,0
10/4/2018,0.709668,0.710278,0.706669,0.709623,0.709623,0
10/5/2018,0.708065,0.708662,0.704791,0.7081,0.7081,0
10/8/2018,0.705418,0.707814,0.70431,0.705288,0.705288,0
10/9/2018,0.707314,0.709623,0.705467,0.707364,0.707364,0
10/10/2018,0.711379,0.713216,0.708818,0.711491,0.711491,0
10/11/2018,0.706514,0.712809,0.706065,0.706414,0.706414,0
10/12/2018,0.712438,0.713842,0.711202,0.712454,0.712454,0
10/15/2018,0.710671,0.714745,0.709925,0.710783,0.710783,0
10/16/2018,0.713725,0.715154,0.711318,0.713542,0.713542,0
10/17/2018,0.71398,0.715968,0.711238,0.713913,0.713913,0
10/18/2018,0.711086,0.715205,0.711086,0.711101,0.711101,0
10/19/2018,0.709552,0.715001,0.709109,0.709723,0.709723,0
10/22/2018,0.711592,0.712606,0.708416,0.711329,0.711329,0
10/23/2018,0.707164,0.709119,0.705612,0.707269,0.707269,0
10/24/2018,0.70931,0.710783,0.706864,0.709119,0.709119,0
10/25/2018,0.706314,0.710026,0.705766,0.706299,0.706299,0
10/26/2018,0.70794,0.708918,0.702198,0.708115,0.708115,0
10/29/2018,0.709759,0.710889,0.707399,0.709774,0.709774,0
10/30/2018,0.706414,0.712048,0.70596,0.706329,0.706329,0
10/31/2018,0.70992,0.710621,0.707464,0.709925,0.709925,0
11/1/2018,0.708316,0.720981,0.70808,0.708316,0.708316,0
11/2/2018,0.720451,0.7259,0.719373,0.720513,0.720513,0
11/5/2018,0.719808,0.721813,0.718391,0.719828,0.719828,0
11/6/2018,0.721241,0.72406,0.72069,0.721293,0.721293,0
11/7/2018,0.72426,0.730193,0.721449,0.72436,0.72436,0
11/8/2018,0.727569,0.730092,0.726559,0.72759,0.72759,0
11/9/2018,0.726586,0.727114,0.722439,0.726681,0.726681,0
11/12/2018,0.72271,0.723903,0.718856,0.7227,0.7227,0
11/13/2018,0.71736,0.722335,0.716589,0.717566,0.717566,0
11/14/2018,0.723118,0.723788,0.718907,0.723139,0.723139,0
11/15/2018,0.723432,0.729767,0.723369,0.723484,0.723484,0
11/16/2018,0.727188,0.731989,0.72509,0.727167,0.727167,0
11/19/2018,0.732011,0.732708,0.728688,0.731797,0.731797,0
11/20/2018,0.729671,0.730193,0.723312,0.729501,0.729501,0
11/21/2018,0.721719,0.727802,0.721084,0.721657,0.721657,0
11/22/2018,0.726222,0.727008,0.723599,0.726216,0.726216,0
11/23/2018,0.725163,0.725689,0.722001,0.725021,0.725021,0
11/26/2018,0.723327,0.727696,0.722596,0.72338,0.72338,0
11/27/2018,0.722491,0.726956,0.720513,0.72235,0.72235,0
11/28/2018,0.722919,0.7249,0.722262,0.722961,0.722961,0
11/29/2018,0.730514,0.734484,0.729591,0.730252,0.730252,0
11/30/2018,0.732279,0.732708,0.728597,0.732188,0.732188,0
12/3/2018,0.737354,0.739317,0.734916,0.737311,0.737311,0
12/4/2018,0.735565,0.739317,0.734948,0.735689,0.735689,0
12/5/2018,0.7347,0.73551,0.726048,0.734592,0.734592,0
12/6/2018,0.726375,0.726375,0.719419,0.726639,0.726639,0
12/7/2018,0.723401,0.724113,0.720648,0.723118,0.723118,0
12/10/2018,0.71836,0.722804,0.718128,0.718494,0.718494,0
12/11/2018,0.719321,0.7227,0.718597,0.719099,0.719099,0
12/12/2018,0.721308,0.723317,0.720305,0.721293,0.721293,0
12/13/2018,0.721397,0.72469,0.721293,0.722126,0.722126,0
12/14/2018,0.72223,0.722852,0.715292,0.722491,0.722491,0
12/17/2018,0.717566,0.718732,0.717,0.717566,0.717566,0
12/18/2018,0.717978,0.720617,0.717139,0.717721,0.717721,0
12/19/2018,0.71899,0.720202,0.717087,0.718804,0.718804,0
12/20/2018,0.711359,0.714939,0.708717,0.711389,0.711389,0
12/21/2018,0.711794,0.712301,0.707214,0.711592,0.711592,0
12/24/2018,0.7049,0.707014,0.704558,0.70502,0.70502,0
12/25/2018,0.704771,0.707764,0.703631,0.705219,0.705219,0
12/26/2018,0.70492,0.707214,0.703329,0.704612,0.704612,0
12/27/2018,0.707289,0.707764,0.701804,0.707479,0.707479,0
12/28/2018,0.703433,0.706914,0.703092,0.703532,0.703532,0
12/31/2018,0.704325,0.707314,0.703631,0.704473,0.704473,0
1/1/2019,0.704176,0.711035,0.701508,0.704176,0.704176,0
1/2/2019,0.704722,0.704821,0.69847,0.704791,0.704791,0
1/3/2019,0.692008,0.701951,0.691946,0.691898,0.691898,0
1/4/2019,0.700722,0.711238,0.699496,0.700624,0.700624,0
1/7/2019,0.712606,0.714388,0.711551,0.712378,0.712378,0
1/8/2019,0.714602,0.715103,0.711789,0.714592,0.714592,0
1/9/2019,0.71623,0.719424,0.714388,0.716332,0.716332,0
1/10/2019,0.717648,0.719787,0.714643,0.717566,0.717566,0
1/11/2019,0.719062,0.723484,0.718288,0.718701,0.718701,0
1/14/2019,0.720305,0.721719,0.717721,0.720513,0.720513,0
1/15/2019,0.720108,0.722596,0.71854,0.719942,0.719942,0
1/16/2019,0.720669,0.721188,0.716281,0.720767,0.720767,0
1/17/2019,0.71699,0.717618,0.714745,0.717309,0.717309,0
1/18/2019,0.719114,0.720513,0.716846,0.719031,0.719031,0
1/21/2019,0.716332,0.717875,0.714061,0.716384,0.716384,0
1/22/2019,0.715922,0.716076,0.712251,0.715891,0.715891,0
1/23/2019,0.712149,0.714592,0.712048,0.71221,0.71221,0
1/24/2019,0.71474,0.716692,0.708567,0.714796,0.714796,0
1/25/2019,0.708918,0.717721,0.707699,0.709119,0.709119,0
1/28/2019,0.717978,0.720617,0.716435,0.717942,0.717942,0
1/29/2019,0.716599,0.717618,0.713959,0.716599,0.716599,0
1/30/2019,0.71582,0.720617,0.715103,0.715922,0.715922,0
1/31/2019,0.725379,0.72948,0.72469,0.725468,0.725468,0
2/1/2019,0.72722,0.728385,0.723694,0.727167,0.727167,0
2/4/2019,0.724958,0.725426,0.721188,0.7249,0.7249,0
2/5/2019,0.721417,0.726691,0.719549,0.721402,0.721402,0
2/6/2019,0.724375,0.724795,0.712271,0.724375,0.724375,0
2/7/2019,0.711283,0.711997,0.70917,0.710995,0.710995,0
2/8/2019,0.709431,0.710177,0.706115,0.709542,0.709542,0
2/11/2019,0.71001,0.710752,0.706065,0.710177,0.710177,0
2/12/2019,0.706414,0.709925,0.705567,0.706349,0.706349,0
2/13/2019,0.710278,0.713674,0.70927,0.71048,0.71048,0
2/14/2019,0.709139,0.713318,0.707965,0.70922,0.70922,0
2/15/2019,0.710439,0.712504,0.70816,0.710328,0.710328,0
2/18/2019,0.714459,0.716076,0.71255,0.714541,0.714541,0
2/19/2019,0.713063,0.715001,0.710429,0.713216,0.713216,0
2/20/2019,0.716897,0.717932,0.714235,0.716692,0.716692,0
2/21/2019,0.717103,0.720877,0.707739,0.717,0.717,0
2/22/2019,0.710712,0.714184,0.708516,0.710884,0.710884,0
2/25/2019,0.715599,0.718442,0.713521,0.715922,0.715922,0
2/26/2019,0.717309,0.718494,0.714235,0.717412,0.717412,0
2/27/2019,0.71943,0.719683,0.712962,0.719399,0.719399,0
2/28/2019,0.714592,0.716579,0.709723,0.714847,0.714847,0
3/1/2019,0.710021,0.712403,0.707965,0.710278,0.710278,0
3/4/2019,0.709925,0.710076,0.707614,0.710031,0.710031,0
3/5/2019,0.709119,0.70922,0.706015,0.70922,0.70922,0
3/6/2019,0.708868,0.709159,0.702252,0.708742,0.708742,0
3/7/2019,0.703284,0.705318,0.702361,0.703482,0.703482,0
3/8/2019,0.702218,0.705318,0.700388,0.702346,0.702346,0
3/11/2019,0.70369,0.706714,0.702711,0.703928,0.703928,0
3/12/2019,0.707199,0.70932,0.70619,0.707339,0.707339,0
3/13/2019,0.706314,0.708868,0.70502,0.706414,0.706414,0
3/14/2019,0.708632,0.708717,0.704225,0.708717,0.708717,0
3/15/2019,0.706964,0.709723,0.706764,0.706814,0.706814,0
3/18/2019,0.708416,0.7122,0.706364,0.708291,0.708291,0
3/19/2019,0.709819,0.711389,0.70928,0.709975,0.709975,0
3/20/2019,0.708818,0.710379,0.705821,0.708968,0.708968,0
3/21/2019,0.713623,0.716794,0.710318,0.713521,0.713521,0
3/22/2019,0.710783,0.711592,0.707629,0.710783,0.710783,0
3/25/2019,0.70809,0.711794,0.706614,0.708316,0.708316,0
3/26/2019,0.711389,0.714796,0.711389,0.711612,0.711612,0
3/27/2019,0.713725,0.71398,0.706964,0.713699,0.713699,0
3/28/2019,0.707914,0.710783,0.707164,0.708451,0.708451,0
3/29/2019,0.708265,0.71048,0.707679,0.708316,0.708316,0
4/1/2019,0.711339,0.713216,0.710934,0.711389,0.711389,0
4/2/2019,0.711086,0.711592,0.705418,0.71099,0.71099,0
4/3/2019,0.705617,0.712708,0.705517,0.705841,0.705841,0
4/4/2019,0.711794,0.712911,0.709874,0.711749,0.711749,0
4/5/2019,0.710985,0.713216,0.70931,0.711035,0.711035,0
4/8/2019,0.710177,0.712911,0.708868,0.710177,0.710177,0
4/9/2019,0.712149,0.715512,0.712149,0.712159,0.712159,0
4/10/2019,0.71284,0.71603,0.711061,0.712911,0.712911,0
4/11/2019,0.716589,0.716897,0.712631,0.716692,0.716692,0
4/12/2019,0.712099,0.719217,0.711668,0.712251,0.712251,0
4/15/2019,0.717412,0.7182,0.716481,0.717309,0.717309,0
4/16/2019,0.717618,0.718081,0.714082,0.717618,0.717618,0
4/17/2019,0.716481,0.720565,0.715722,0.716492,0.716492,0
4/18/2019,0.717401,0.719419,0.714745,0.717412,0.717412,0
4/19/2019,0.71473,0.716178,0.714592,0.714796,0.714796,0
4/22/2019,0.714796,0.715205,0.712901,0.715103,0.715103,0
4/23/2019,0.713063,0.713419,0.708165,0.713725,0.713725,0
4/24/2019,0.709718,0.70993,0.702296,0.709668,0.709668,0
4/25/2019,0.701361,0.702494,0.699007,0.701459,0.701459,0
4/26/2019,0.701705,0.70608,0.70082,0.701779,0.701779,0
4/29/2019,0.704523,0.706414,0.703977,0.704429,0.704429,0
4/30/2019,0.705482,0.706764,0.70326,0.705517,0.705517,0
5/1/2019,0.704871,0.706414,0.703591,0.705129,0.705129,0
5/2/2019,0.701311,0.702988,0.699589,0.701459,0.701459,0
5/3/2019,0.69935,0.702494,0.698729,0.699545,0.699545,0
5/6/2019,0.697258,0.700099,0.69635,0.697331,0.697331,0
5/7/2019,0.699447,0.704871,0.698959,0.699252,0.699252,0
5/8/2019,0.700849,0.702691,0.699545,0.700849,0.700849,0
5/9/2019,0.699242,0.699594,0.696539,0.699496,0.699496,0
5/10/2019,0.69891,0.701902,0.698602,0.698709,0.698709,0
5/13/2019,0.698329,0.698714,0.694488,0.698509,0.698509,0
5/14/2019,0.694541,0.695943,0.693577,0.694589,0.694589,0
5/15/2019,0.693818,0.693818,0.691549,0.693914,0.693914,0
5/16/2019,0.692569,0.693337,0.690084,0.692713,0.692713,0
5/17/2019,0.68918,0.689893,0.687144,0.689322,0.689322,0
5/20/2019,0.690122,0.693481,0.69006,0.690322,0.690322,0
5/21/2019,0.692161,0.692521,0.686719,0.692061,0.692061,0
5/22/2019,null,null,null,null,null,null
5/23/2019,0.687853,0.689798,0.686568,0.687758,0.687758,0
5/24/2019,0.689941,0.692377,0.688222,0.68996,0.68996,0
5/27/2019,0.692991,0.694011,0.691563,0.693289,0.693289,0
5/28/2019,0.692008,0.693577,0.691706,0.691994,0.691994,0
5/29/2019,0.692641,0.693289,0.69056,0.692617,0.692617,0
5/30/2019,0.691941,0.693722,0.690131,0.69184,0.69184,0
5/31/2019,0.690512,0.694396,0.69025,0.690608,0.690608,0
6/3/2019,0.692861,0.69667,0.692842,0.692962,0.692962,0
6/4/2019,0.697039,0.69935,0.696442,0.697204,0.697204,0
6/5/2019,0.699169,0.70082,0.697301,0.699139,0.699139,0
6/6/2019,0.697078,0.699252,0.696476,0.697107,0.697107,0
6/7/2019,0.697399,0.702168,0.696481,0.697545,0.697545,0
6/10/2019,0.699609,0.700084,0.69604,0.699589,0.699589,0
6/11/2019,0.696258,0.696621,0.69483,0.696112,0.696112,0
6/12/2019,0.696088,0.696282,0.694252,0.696088,0.696088,0
6/13/2019,0.692953,0.693818,0.690241,0.693049,0.693049,0
6/14/2019,0.691181,0.691611,0.687144,0.691324,0.691324,0
6/17/2019,0.687758,0.688516,0.6851,0.68789,0.68789,0
6/18/2019,0.685213,0.688089,0.683312,0.685401,0.685401,0
6/19/2019,0.688184,0.688705,0.685636,0.688042,0.688042,0
6/20/2019,0.688516,0.693496,0.688402,0.688549,0.688549,0
6/21/2019,0.692008,0.693818,0.690417,0.692238,0.692238,0
6/24/2019,0.694618,0.69701,0.69444,0.69443,0.69443,0
6/25/2019,0.696791,0.697691,0.69541,0.696568,0.696568,0
6/26/2019,0.696379,0.699496,0.695681,0.696185,0.696185,0
6/27/2019,0.698617,0.700722,0.698539,0.698661,0.698661,0
6/28/2019,0.700574,0.701902,0.699888,0.700378,0.700378,0
7/1/2019,0.702232,0.702494,0.696088,0.702331,0.702331,0
7/2/2019,0.696519,0.70028,0.696248,0.696476,0.696476,0
7/3/2019,0.699545,0.703878,0.698617,0.699594,0.699594,0
7/4/2019,0.703087,0.70502,0.70168,0.703131,0.703131,0
7/5/2019,0.702494,0.702988,0.695889,0.702538,0.702538,0
7/8/2019,0.698129,0.699594,0.69684,0.698275,0.698275,0
7/9/2019,0.697209,0.697691,0.692228,0.697399,0.697399,0
7/10/2019,0.692809,0.696476,0.691118,0.692713,0.692713,0
7/11/2019,0.695851,0.69891,0.695512,0.696185,0.696185,0
7/12/2019,0.697496,0.700967,0.697238,0.697258,0.697258,0
7/15/2019,0.701799,0.703977,0.701282,0.701779,0.701779,0
7/16/2019,0.703908,0.704523,0.701804,0.704002,0.704002,0
7/17/2019,0.701621,0.702296,0.699722,0.701656,0.701656,0
7/18/2019,0.700869,0.704523,0.700673,0.701016,0.701016,0
7/19/2019,0.706859,0.707914,0.704225,0.706719,0.706719,0
7/22/2019,0.704325,0.705816,0.70322,0.70431,0.70431,0
7/23/2019,0.703087,0.70368,0.699682,0.703185,0.703185,0
7/24/2019,0.699692,0.699692,0.697399,0.699741,0.699741,0
7/25/2019,0.697812,0.698714,0.695202,0.697934,0.697934,0
7/26/2019,0.695072,0.695701,0.69045,0.695217,0.695217,0
7/29/2019,0.690703,0.691802,0.689722,0.690622,0.690622,0
7/30/2019,0.689893,0.691085,0.68695,0.689941,0.689941,0
7/31/2019,0.68738,0.690084,0.686351,0.687522,0.687522,0
8/1/2019,0.684491,0.68654,0.683153,0.68465,0.68465,0
8/2/2019,0.68042,0.681989,0.676521,0.680351,0.680351,0
8/5/2019,0.679071,0.680504,0.674992,0.679302,0.679302,0
8/6/2019,0.676311,0.679995,0.676311,0.676352,0.676352,0
8/7/2019,0.676224,0.678279,0.667851,0.676302,0.676302,0
8/8/2019,0.675813,0.682128,0.675083,0.675813,0.675813,0
8/9/2019,0.681199,0.681854,0.679348,0.681171,0.681171,0
8/12/2019,0.678104,0.679542,0.674618,0.677681,0.677681,0
8/13/2019,0.675639,0.681756,0.674855,0.675589,0.675589,0
8/14/2019,0.67968,0.680508,0.673682,0.679777,0.679777,0
8/15/2019,0.67552,0.678841,0.675447,0.675402,0.675402,0
8/16/2019,0.677282,0.679579,0.67714,0.677277,0.677277,0
8/19/2019,0.678656,0.679117,0.676819,0.678661,0.678661,0
8/20/2019,0.675662,0.679532,0.675662,0.675584,0.675584,0
8/21/2019,0.677461,0.679995,0.677369,0.677521,0.677521,0
8/22/2019,0.67838,0.678518,0.675174,0.6785,0.6785,0
8/23/2019,0.675689,0.67769,0.673741,0.675584,0.675584,0
8/26/2019,0.670911,0.678841,0.670911,0.670808,0.670808,0
8/27/2019,0.677002,0.67769,0.674764,0.676956,0.676956,0
8/28/2019,0.675493,0.676087,0.673568,0.675438,0.675438,0
8/29/2019,0.673968,0.675493,0.671808,0.673959,0.673959,0
8/30/2019,0.673559,0.674082,0.670781,0.673582,0.673582,0
9/2/2019,0.672671,0.673582,0.671051,0.672766,0.672766,0
9/3/2019,0.671276,0.675904,0.668896,0.671249,0.671249,0
9/4/2019,0.676489,0.679995,0.675995,0.676398,0.676398,0
9/5/2019,0.67981,0.683013,0.679717,0.679995,0.679995,0
9/6/2019,0.68125,0.686201,0.680782,0.68118,0.68118,0
9/9/2019,0.684622,0.687711,0.68391,0.684669,0.684669,0
9/10/2019,0.686436,0.687002,0.684969,0.68653,0.68653,0
9/11/2019,0.68573,0.688492,0.684941,0.685852,0.685852,0
9/12/2019,0.687474,0.689465,0.686342,0.68738,0.68738,0
9/13/2019,0.686577,0.68918,0.686012,0.686389,0.686389,0
9/16/2019,0.687952,0.68861,0.685462,0.687994,0.687994,0
9/17/2019,0.686342,0.686719,0.683107,0.686295,0.686295,0
9/18/2019,0.686639,0.686639,0.682962,0.686625,0.686625,0
9/19/2019,0.682352,0.682352,0.67815,0.682571,0.682571,0
9/20/2019,0.679025,0.681106,0.676727,0.679279,0.679279,0
9/23/2019,0.676879,0.67838,0.676636,0.676901,0.676901,0
9/24/2019,0.677415,0.680689,0.676636,0.677599,0.677599,0
9/25/2019,0.679791,0.680318,0.674036,0.679948,0.679948,0
9/26/2019,0.675402,0.678012,0.674764,0.675539,0.675539,0
9/27/2019,0.67527,0.677966,0.674445,0.675402,0.675402,0
9/30/2019,0.676128,0.676819,0.674172,0.676087,0.676087,0
10/1/2019,0.675402,0.676009,0.667379,0.675311,0.675311,0
10/2/2019,0.670839,0.672088,0.667156,0.670871,0.670871,0
10/3/2019,0.670916,0.675402,0.670421,0.670961,0.670961,0
10/4/2019,0.6746,0.676956,0.674418,0.674532,0.674532,0
10/7/2019,0.676453,0.67659,0.673278,0.676453,0.676453,0
10/8/2019,0.67331,0.675904,0.67249,0.673251,0.673251,0
10/9/2019,0.672948,0.674955,0.672658,0.672812,0.672812,0
10/10/2019,0.671998,0.677094,0.671438,0.671817,0.671817,0
10/11/2019,0.67621,0.681106,0.676032,0.67632,0.67632,0
10/14/2019,0.67944,0.680101,0.675174,0.679639,0.679639,0
10/15/2019,0.6773,0.678933,0.674409,0.67754,0.67754,0
10/16/2019,0.675338,0.675589,0.67243,0.67532,0.67532,0
10/17/2019,0.67547,0.6836,0.67544,0.675639,0.675639,0
10/18/2019,0.6827,0.6853,0.6824,0.682547,0.682547,0
10/21/2019,0.684871,0.6883,0.684871,0.684772,0.684772,0
10/22/2019,0.687068,0.688369,0.6851,0.687059,0.687059,0
10/23/2019,0.686059,0.6863,0.683462,0.68613,0.68613,0
10/24/2019,0.68503,0.686,0.68138,0.68503,0.68503,0
10/25/2019,0.681742,0.68362,0.6811,0.681663,0.681663,0
10/28/2019,0.682249,0.68398,0.68116,0.6824,0.6824,0
10/29/2019,0.68398,0.6873,0.68398,0.68396,0.68396,0
10/30/2019,0.68571,0.6878,0.685002,0.685589,0.685589,0
10/31/2019,0.690131,0.6932,0.688909,0.689788,0.689788,0
11/1/2019,0.68935,0.69206,0.68845,0.689299,0.689299,0
11/4/2019,0.691659,0.6927,0.68948,0.6918,0.6918,0
11/5/2019,0.68871,0.6929,0.68788,0.689028,0.689028,0
11/6/2019,0.68897,0.691,0.68767,0.689085,0.689085,0
11/7/2019,0.687947,0.6913,0.686262,0.68773,0.68773,0
11/8/2019,0.68658,0.6869,0.684861,0.6861,0.6861,0
11/11/2019,0.685909,0.6866,0.68478,0.6858,0.6858,0
11/12/2019,0.68486,0.6859,0.68323,0.685025,0.685025,0
11/13/2019,0.68418,0.6856,0.68221,0.6844,0.6844,0
11/14/2019,0.68398,0.68415,0.67704,0.68395,0.68395,0
11/15/2019,0.67873,0.6817,0.67815,0.678831,0.678831,0
11/18/2019,0.681529,0.6824,0.67991,0.681598,0.681598,0
11/19/2019,0.680522,0.68331,0.6786,0.680522,0.680522,0
11/20/2019,0.68259,0.6833,0.67967,0.68249,0.68249,0
11/21/2019,0.679948,0.681408,0.6787,0.6799,0.6799,0
11/22/2019,0.67882,0.680351,0.67818,0.678942,0.678942,0
11/25/2019,0.6792,0.6801,0.67686,0.6792,0.6792,0
11/26/2019,0.67767,0.67933,0.67725,0.67764,0.67764,0
11/27/2019,0.67875,0.679302,0.67724,0.6789,0.6789,0
11/28/2019,0.676911,0.6775,0.676229,0.67672,0.67672,0
11/29/2019,0.676865,0.6781,0.67559,0.6769,0.6769,0
12/2/2019,0.676489,0.6824,0.67648,0.67648,0.67648,0
12/3/2019,0.681752,0.6863,0.681659,0.681882,0.681882,0
12/4/2019,0.68503,0.6857,0.68142,0.68487,0.68487,0
12/5/2019,0.68491,0.685542,0.682142,0.68496,0.68496,0
12/6/2019,0.683438,0.68573,0.68243,0.6833,0.6833,0
12/9/2019,0.683541,0.6838,0.68208,0.683532,0.683532,0
12/10/2019,0.6827,0.6839,0.680092,0.6828,0.6828,0
12/11/2019,0.68129,0.6869,0.68052,0.68114,0.68114,0
12/12/2019,0.687059,0.69088,0.687059,0.687049,0.687049,0
12/13/2019,0.692521,0.693,0.68653,0.692713,0.692713,0
12/16/2019,0.68752,0.69,0.68695,0.687479,0.687479,0
12/17/2019,0.687512,0.688,0.68389,0.687432,0.687432,0
12/18/2019,0.6852,0.6865,0.684018,0.68526,0.68526,0
12/19/2019,0.685551,0.68881,0.685439,0.68547,0.68547,0
12/20/2019,0.68904,0.6908,0.688563,0.6893,0.6893,0
12/23/2019,0.690622,0.6931,0.689779,0.69039,0.69039,0
12/24/2019,0.692578,0.6932,0.69131,0.69252,0.69252,0
12/25/2019,0.692281,0.692713,0.691611,0.692185,0.692185,0
12/26/2019,0.6928,0.694203,0.692185,0.692473,0.692473,0
12/27/2019,0.6948,0.6986,0.69437,0.694637,0.694637,0
12/30/2019,0.698392,0.7007,0.698392,0.6983,0.6983,0
12/31/2019,0.70029,0.703274,0.69998,0.70014,0.70014,0
1/1/2020,0.701508,0.7045,0.701508,0.7017,0.7017,0
1/2/2020,0.701892,0.7021,0.69813,0.701951,0.701951,0
1/3/2020,0.69837,0.698661,0.69314,0.698519,0.698519,0
1/6/2020,0.694729,0.6959,0.692602,0.69442,0.69442,0
1/7/2020,0.69372,0.6941,0.686111,0.693731,0.693731,0
1/8/2020,0.685951,0.6886,0.68497,0.68604,0.68604,0
1/9/2020,0.68754,0.68807,0.6852,0.68738,0.68738,0
1/10/2020,0.685439,0.69067,0.685119,0.685321,0.685321,0
1/13/2020,0.689812,0.6922,0.68956,0.69006,0.69006,0
1/14/2020,0.68977,0.691,0.68865,0.68989,0.68989,0
1/15/2020,0.6894,0.6914,0.68788,0.689655,0.689655,0
1/16/2020,0.690799,0.6935,0.68927,0.69078,0.69078,0
1/17/2020,0.68975,0.6913,0.68729,0.6901,0.6901,0
1/20/2020,0.688288,0.689,0.685598,0.688179,0.688179,0
1/21/2020,0.68768,0.6882,0.6845,0.68764,0.68764,0
1/22/2020,0.68473,0.6858,0.68279,0.68469,0.68469,0
1/23/2020,0.684228,0.688,0.683088,0.684299,0.684299,0
1/24/2020,0.684781,0.6858,0.68203,0.68398,0.68398,0
1/27/2020,0.680291,0.6819,0.67544,0.680189,0.680189,0
1/28/2020,0.67611,0.6767,0.673918,0.67617,0.67617,0
1/29/2020,0.67641,0.678,0.673668,0.676421,0.676421,0
1/30/2020,0.67521,0.675279,0.67017,0.675219,0.675219,0
1/31/2020,0.670871,0.6729,0.66836,0.670826,0.670826,0
2/3/2020,0.669232,0.6709,0.66844,0.669362,0.669362,0
2/4/2020,0.668999,0.67353,0.668061,0.66905,0.66905,0
2/5/2020,0.67329,0.6775,0.67249,0.673179,0.673179,0
2/6/2020,0.675178,0.6766,0.673138,0.67518,0.67518,0
2/7/2020,0.673219,0.673265,0.66627,0.6734,0.6734,0
2/10/2020,0.66696,0.6708,0.66696,0.667232,0.667232,0
2/11/2020,0.668869,0.673655,0.668311,0.66901,0.66901,0
2/12/2020,0.671962,0.6751,0.67138,0.6721,0.6721,0
2/13/2020,0.67131,0.674432,0.67127,0.67132,0.67132,0
2/14/2020,0.67198,0.6731,0.6711,0.6722,0.6722,0
2/17/2020,0.672509,0.673446,0.67136,0.672599,0.672599,0
2/18/2020,0.670979,0.671006,0.667472,0.6712,0.6712,0
2/19/2020,0.66948,0.670745,0.66659,0.6696,0.6696,0
2/20/2020,0.66809,0.6692,0.66109,0.6684,0.6684,0
2/21/2020,0.66126,0.663967,0.65868,0.66138,0.66138,0
2/24/2020,0.660559,0.6621,0.65878,0.66069,0.66069,0
2/25/2020,0.66112,0.6624,0.658718,0.661201,0.661201,0
2/26/2020,0.66045,0.6606,0.65534,0.66052,0.66052,0
2/27/2020,0.654892,0.659152,0.654639,0.654652,0.654652,0
2/28/2020,0.65806,0.65849,0.6443,0.65802,0.65802,0
3/2/2020,0.651538,0.6569,0.64894,0.651631,0.651631,0
3/3/2020,0.65458,0.6645,0.650999,0.65475,0.65475,0
3/4/2020,0.65865,0.6629,0.65865,0.65822,0.65822,0
3/5/2020,0.66263,0.663702,0.658618,0.66269,0.66269,0
3/6/2020,0.661831,0.665823,0.65861,0.661551,0.661551,0
3/9/2020,0.661424,0.66835,0.63359,0.661358,0.661358,0
3/10/2020,0.66006,0.6605,0.647429,0.6598,0.6598,0
3/11/2020,0.64957,0.65395,0.648959,0.64991,0.64991,0
3/12/2020,0.64785,0.6481,0.626999,0.64794,0.64794,0
3/13/2020,0.62821,0.63231,0.6154,0.627412,0.627412,0
3/16/2020,0.617871,0.618912,0.60814,0.617768,0.617768,0
3/17/2020,0.61045,0.6148,0.59608,0.609942,0.609942,0
3/18/2020,0.59883,0.602678,0.581791,0.59922,0.59922,0
3/19/2020,0.57995,0.59624,0.552,0.58098,0.58098,0
3/20/2020,0.57464,0.59785,0.571177,0.57429,0.57429,0
3/23/2020,0.575526,0.58402,0.57021,0.575331,0.575331,0
3/24/2020,0.58763,0.59741,0.586889,0.58766,0.58766,0
3/25/2020,0.59684,0.606999,0.59345,0.59755,0.59755,0
3/26/2020,0.59044,0.60655,0.58715,0.59081,0.59081,0
3/27/2020,0.60751,0.613098,0.6025,0.60791,0.60791,0
3/30/2020,0.617219,0.61823,0.6117,0.618058,0.618058,0
3/31/2020,0.616432,0.62097,0.60817,0.616899,0.616899,0
4/1/2020,0.61401,0.61464,0.60412,0.6137,0.6137,0
4/2/2020,0.60876,0.6119,0.60116,0.60914,0.60914,0
4/3/2020,0.60689,0.6076,0.59817,0.606322,0.606322,0
4/6/2020,0.599628,0.61056,0.59924,0.59947,0.59947,0
4/7/2020,0.61183,0.620848,0.60985,0.61176,0.61176,0
4/8/2020,0.61545,0.623679,0.611741,0.61522,0.61522,0
4/9/2020,0.623519,0.6313,0.61966,0.623531,0.623531,0
4/10/2020,0.6335,0.637,0.63146,0.63326,0.63326,0
4/13/2020,0.633931,0.638529,0.63321,0.633521,0.633521,0
4/14/2020,0.63981,0.643261,0.637662,0.640111,0.640111,0
4/15/2020,0.643376,0.643459,0.62854,0.64343,0.64343,0
4/16/2020,0.6309,0.6332,0.626649,0.63089,0.63089,0
4/17/2020,0.636173,0.638244,0.63168,0.63586,0.63586,0
4/20/2020,0.634011,0.639341,0.63373,0.634019,0.634019,0
4/21/2020,0.63465,0.63465,0.62552,0.63457,0.63457,0
4/22/2020,0.62968,0.6353,0.62817,0.6294,0.6294,0
4/23/2020,0.6298,0.6405,0.62887,0.6299,0.6299,0
4/24/2020,0.637841,0.63841,0.63386,0.63768,0.63768,0
4/27/2020,0.639713,0.6471,0.639509,0.639754,0.639754,0
4/28/2020,0.6453,0.651292,0.64352,0.644912,0.644912,0
4/29/2020,0.650288,0.6547,0.65013,0.65027,0.65027,0
4/30/2020,0.6555,0.65696,0.64917,0.655501,0.655501,0
5/1/2020,0.64959,0.64959,0.64186,0.64955,0.64955,0
5/4/2020,0.6381,0.643161,0.637328,0.637682,0.637682,0
5/5/2020,0.64281,0.64742,0.64182,0.642612,0.642612,0
5/6/2020,0.64334,0.6453,0.64081,0.6436,0.6436,0
5/7/2020,0.639918,0.650001,0.63961,0.639076,0.639076,0
5/8/2020,0.65038,0.6548,0.649958,0.65033,0.65033,0
5/11/2020,0.653531,0.6561,0.64651,0.65371,0.65371,0
5/12/2020,0.648559,0.6536,0.64332,0.648466,0.648466,0
5/13/2020,0.645732,0.65219,0.64536,0.64553,0.64553,0
5/14/2020,0.64514,0.646,0.64053,0.645494,0.645494,0
5/15/2020,0.647119,0.6474,0.640361,0.647124,0.647124,0
5/18/2020,0.64269,0.651661,0.642096,0.642579,0.642579,0
5/19/2020,0.65239,0.65708,0.6511,0.6526,0.6526,0
5/20/2020,0.65431,0.66156,0.65284,0.654009,0.654009,0
5/21/2020,0.65894,0.659805,0.65492,0.65923,0.65923,0
5/22/2020,0.65693,0.6574,0.65076,0.656689,0.656689,0
5/25/2020,0.654793,0.655,0.6521,0.654579,0.654579,0
5/26/2020,0.65486,0.665921,0.65438,0.65474,0.65474,0
5/27/2020,0.664673,0.668,0.6573,0.66467,0.66467,0
5/28/2020,0.66205,0.6668,0.65894,0.662081,0.662081,0
5/29/2020,0.663381,0.66836,0.66206,0.66335,0.66335,0
6/1/2020,0.665921,0.67872,0.665921,0.665978,0.665978,0
6/2/2020,0.6788,0.689332,0.67757,0.6786,0.6786,0
6/3/2020,0.69153,0.6983,0.685758,0.69142,0.69142,0
6/4/2020,0.692914,0.6988,0.68839,0.692905,0.692905,0
6/5/2020,0.6942,0.70133,0.6932,0.69399,0.69399,0
6/8/2020,0.6993,0.7004,0.69628,0.70024,0.70024,0
6/9/2020,0.7023,0.704077,0.69003,0.702449,0.702449,0
6/10/2020,0.69401,0.7021,0.6933,0.6943,0.6943,0
6/11/2020,0.69677,0.6996,0.68814,0.69683,0.69683,0
6/12/2020,0.68303,0.69111,0.6801,0.683088,0.683088,0
6/15/2020,0.68292,0.68693,0.678,0.682501,0.682501,0
6/16/2020,0.69614,0.697228,0.68379,0.69582,0.69582,0
6/17/2020,0.68947,0.69205,0.68526,0.689532,0.689532,0
6/18/2020,0.687711,0.6903,0.68386,0.68757,0.68757,0
6/19/2020,0.6857,0.6911,0.68422,0.685721,0.685721,0
6/22/2020,0.682179,0.69105,0.682031,0.682291,0.682291,0
6/23/2020,0.692929,0.697496,0.68642,0.69316,0.69316,0
6/24/2020,0.69444,0.6964,0.6866,0.69403,0.69403,0
6/25/2020,0.68586,0.689,0.68482,0.685678,0.685678,0
6/26/2020,0.68884,0.6898,0.68423,0.688819,0.688819,0
6/29/2020,0.68621,0.68898,0.68419,0.686191,0.686191,0
6/30/2020,0.68704,0.691118,0.683401,0.687191,0.687191,0
7/1/2020,0.69005,0.694372,0.68786,0.6902,0.6902,0
7/2/2020,0.6914,0.69497,0.69043,0.691324,0.691324,0
7/3/2020,0.69201,0.694589,0.69142,0.69192,0.69192,0
7/6/2020,0.6953,0.69875,0.6948,0.69484,0.69484,0
7/7/2020,0.6971,0.69979,0.69236,0.6977,0.6977,0
7/8/2020,0.693852,0.697462,0.69293,0.694232,0.694232,0
7/9/2020,0.698529,0.7002,0.695159,0.69891,0.69891,0
7/10/2020,0.696282,0.69677,0.69247,0.695894,0.695894,0
7/13/2020,0.6949,0.6992,0.694112,0.695028,0.695028,0
7/14/2020,0.69367,0.697399,0.69226,0.694011,0.694011,0
7/15/2020,0.69881,0.70372,0.698758,0.6989,0.6989,0
7/16/2020,0.7007,0.701213,0.69718,0.700918,0.700918,0
7/17/2020,0.69764,0.6995,0.697525,0.6978,0.6978,0
7/20/2020,0.70027,0.7017,0.697496,0.7005,0.7005,0
7/21/2020,0.702459,0.711997,0.70162,0.702593,0.702593,0
7/22/2020,0.71398,0.718112,0.71138,0.71356,0.71356,0
7/23/2020,0.71387,0.716178,0.70933,0.714082,0.714082,0
7/24/2020,0.70991,0.712606,0.706514,0.71001,0.71001,0
7/27/2020,0.71,0.71497,0.709819,0.709819,0.709819,0
7/28/2020,0.715809,0.717618,0.71147,0.7159,0.7159,0
7/29/2020,0.71608,0.719321,0.71497,0.716025,0.716025,0
7/30/2020,0.7176,0.7187,0.71241,0.71717,0.71717,0
7/31/2020,0.72026,0.722909,0.71546,0.720368,0.720368,0
8/3/2020,0.714771,0.7152,0.707729,0.714689,0.714689,0
8/4/2020,0.71163,0.71586,0.710651,0.711794,0.711794,0
8/5/2020,0.71769,0.72394,0.71674,0.71771,0.71771,0
8/6/2020,0.72,0.723,0.71761,0.71991,0.71991,0
8/7/2020,0.72296,0.7243,0.71601,0.7231,0.7231,0
8/10/2020,0.715758,0.71835,0.71409,0.715712,0.715712,0
8/11/2020,0.71553,0.7191,0.71463,0.7158,0.7158,0
8/12/2020,0.7149,0.71725,0.71104,0.71452,0.71452,0
8/13/2020,0.717103,0.718809,0.71569,0.716486,0.716486,0
8/14/2020,0.71479,0.71731,0.7133,0.71488,0.71488,0
8/17/2020,0.7194,0.7227,0.71721,0.719259,0.719259,0
8/18/2020,0.721522,0.72647,0.72099,0.721813,0.721813,0
8/19/2020,0.72536,0.7276,0.72286,0.725795,0.725795,0
8/20/2020,0.718458,0.7194,0.71375,0.718804,0.718804,0
8/21/2020,0.720622,0.721605,0.71407,0.720612,0.720612,0
8/24/2020,0.716091,0.720409,0.715569,0.716137,0.716137,0
8/25/2020,0.71688,0.7193,0.7154,0.71689,0.71689,0
8/26/2020,0.71982,0.723118,0.71883,0.719932,0.719932,0
8/27/2020,0.72447,0.729012,0.72191,0.724501,0.724501,0
8/28/2020,0.726992,0.735781,0.72564,0.72699,0.72699,0
8/31/2020,0.737039,0.73999,0.73422,0.7373,0.7373,0
9/1/2020,0.73811,0.7413,0.73683,0.7381,0.7381,0
9/2/2020,0.73765,0.7381,0.73021,0.737849,0.737849,0
9/3/2020,0.7329,0.733514,0.72698,0.733111,0.733111,0
9/4/2020,0.7259,0.7299,0.72241,0.725584,0.725584,0
9/7/2020,0.72812,0.729874,0.72713,0.728221,0.728221,0
9/8/2020,0.72804,0.73083,0.72188,0.7281,0.7281,0
9/9/2020,0.72097,0.7281,0.72065,0.72094,0.72094,0
9/10/2020,0.727802,0.73244,0.72628,0.72766,0.72766,0
9/11/2020,0.72643,0.73078,0.72598,0.7263,0.7263,0
9/14/2020,0.72839,0.73062,0.72649,0.728152,0.728152,0
9/15/2020,0.72812,0.734484,0.7268,0.7286,0.7286,0
9/16/2020,0.729512,0.7346,0.729038,0.729682,0.729682,0
9/17/2020,0.72964,0.731422,0.72558,0.72955,0.72955,0
9/18/2020,0.73179,0.73331,0.72835,0.73131,0.73131,0
9/21/2020,0.729389,0.7326,0.72006,0.729341,0.729341,0
9/22/2020,0.72283,0.7237,0.71659,0.723118,0.723118,0
9/23/2020,0.717412,0.717721,0.708828,0.717443,0.717443,0
9/24/2020,0.7071,0.708215,0.701769,0.7069,0.7069,0
9/25/2020,0.705632,0.7089,0.7007,0.705716,0.705716,0
9/28/2020,0.704325,0.7075,0.703339,0.704191,0.704191,0
9/29/2020,0.709623,0.7138,0.70751,0.70952,0.70952,0
9/30/2020,0.71458,0.7172,0.71005,0.71436,0.71436,0
10/1/2020,0.71675,0.721,0.71559,0.716651,0.716651,0
10/2/2020,0.718112,0.7186,0.71346,0.718288,0.718288,0
10/5/2020,0.717401,0.719424,0.71638,0.717721,0.717721,0
10/6/2020,0.71913,0.720871,0.7146,0.719321,0.719321,0
10/7/2020,0.71104,0.71516,0.70993,0.71101,0.71101,0
10/8/2020,0.713725,0.71702,0.712428,0.71382,0.71382,0
10/9/2020,0.71752,0.7242,0.716969,0.7178,0.7178,0
10/12/2020,0.722309,0.723798,0.72062,0.72246,0.72246,0
10/13/2020,0.720918,0.720918,0.715733,0.721188,0.721188,0
10/14/2020,0.7167,0.7192,0.71558,0.71644,0.71644,0
10/15/2020,0.71426,0.7148,0.70565,0.714148,0.714148,0
10/16/2020,0.70873,0.709824,0.70711,0.70884,0.70884,0
10/19/2020,0.7094,0.711794,0.70842,0.7096,0.7096,0
10/20/2020,0.70536,0.706015,0.70212,0.705617,0.705617,0
10/21/2020,0.705119,0.7128,0.705119,0.705,0.705,0
10/22/2020,0.7104,0.7118,0.7087,0.71056,0.71056,0
10/23/2020,0.71271,0.7158,0.71016,0.71261,0.71261,0
10/26/2020,0.71314,0.7147,0.71047,0.713201,0.713201,0
10/27/2020,0.712012,0.7145,0.71181,0.71171,0.71171,0
10/28/2020,0.7122,0.715717,0.70397,0.71231,0.71231,0
10/29/2020,0.70554,0.707914,0.70046,0.70552,0.70552,0
10/30/2020,0.70364,0.70709,0.701218,0.70376,0.70376,0
11/2/2020,0.700972,0.7054,0.69934,0.70082,0.70082,0
11/3/2020,0.7055,0.717412,0.702948,0.70537,0.70537,0
11/4/2020,0.71971,0.7216,0.70512,0.719683,0.719683,0
11/5/2020,0.7176,0.72753,0.71468,0.71805,0.71805,0
11/6/2020,0.726232,0.72879,0.72409,0.72627,0.72627,0
11/9/2020,0.7289,0.73396,0.726829,0.728672,0.728672,0
11/10/2020,0.72776,0.7296,0.725358,0.7282,0.7282,0
11/11/2020,0.72836,0.731775,0.72618,0.72817,0.72817,0
11/12/2020,0.72831,0.729411,0.7248,0.728428,0.728428,0
11/13/2020,0.72416,0.72636,0.72224,0.724019,0.724019,0
11/16/2020,0.728741,0.7326,0.72809,0.729081,0.729081,0
11/17/2020,0.731989,0.733999,0.72896,0.7321,0.7321,0
11/18/2020,0.72962,0.7329,0.72734,0.7296,0.7296,0
11/19/2020,0.7296,0.730018,0.72555,0.730199,0.730199,0
11/20/2020,0.72713,0.7325,0.72713,0.72691,0.72691,0
11/23/2020,0.731261,0.7338,0.72666,0.7317,0.7317,0
11/24/2020,0.72953,0.7369,0.72921,0.72982,0.72982,0
11/25/2020,0.73659,0.7374,0.73259,0.73667,0.73667,0
11/26/2020,0.736594,0.7376,0.73543,0.736485,0.736485,0
11/27/2020,0.73561,0.739919,0.73531,0.7358,0.7358,0
11/30/2020,0.740132,0.741,0.7349,0.740028,0.740028,0
12/1/2020,0.735971,0.73724,0.73436,0.73568,0.73568,0
12/2/2020,0.73798,0.73966,0.73524,0.738089,0.738089,0
12/3/2020,0.74139,0.74485,0.739847,0.7418,0.7418,0
12/4/2020,0.7442,0.7444,0.7413,0.7439,0.7439,0
12/7/2020,0.743108,0.74511,0.73731,0.743157,0.743157,0
12/8/2020,0.741785,0.7437,0.74007,0.74176,0.74176,0
12/9/2020,0.7412,0.748727,0.74092,0.7411,0.7411,0
12/10/2020,0.74341,0.7527,0.74341,0.7435,0.7435,0
12/11/2020,0.752502,0.757002,0.75207,0.75244,0.75244,0
12/14/2020,0.75503,0.75783,0.7529,0.75511,0.75511,0
12/15/2020,0.75351,0.7557,0.75079,0.75392,0.75392,0
12/16/2020,0.75569,0.7581,0.754683,0.755561,0.755561,0
12/17/2020,0.757111,0.763919,0.75698,0.757,0.757,0
12/18/2020,0.761429,0.762021,0.75831,0.76153,0.76153,0
12/21/2020,0.758771,0.760248,0.746369,0.758743,0.758743,0
12/22/2020,0.75754,0.7584,0.75182,0.75752,0.75752,0
12/23/2020,0.75499,0.75895,0.75261,0.75517,0.75517,0
12/24/2020,0.75814,0.76064,0.75796,0.75796,0.75796,0
12/25/2020,0.76068,0.76622,0.7579,0.76068,0.76068,0
12/28/2020,0.761348,0.7624,0.75596,0.761191,0.761191,0
12/29/2020,0.758858,0.7625,0.758478,0.758892,0.758892,0
12/30/2020,0.7612,0.768622,0.76072,0.76099,0.76099,0
12/31/2020,0.7689,0.77414,0.76869,0.768929,0.768929,0
1/1/2021,0.77718,0.82076,0.769823,0.770297,0.770297,0
1/4/2021,0.7713,0.7742,0.76566,0.77123,0.77123,0
1/5/2021,0.76698,0.7753,0.766289,0.7671,0.7671,0
1/6/2021,0.77628,0.782038,0.773431,0.7766,0.7766,0
1/7/2021,0.78154,0.78154,0.77277,0.7817,0.7817,0
1/8/2021,0.7769,0.7799,0.77414,0.7769,0.7769,0
1/11/2021,0.77238,0.773043,0.766889,0.771653,0.771653,0
1/12/2021,0.77082,0.77406,0.76874,0.77075,0.77075,0
1/13/2021,0.77748,0.778271,0.77231,0.777605,0.777605,0
1/14/2021,0.77464,0.77931,0.77288,0.774713,0.774713,0
1/15/2021,0.777563,0.77888,0.76825,0.77758,0.77758,0
1/18/2021,0.768539,0.77028,0.76606,0.768888,0.768888,0
1/19/2021,0.76856,0.7724,0.76856,0.768699,0.768699,0
1/20/2021,0.771248,0.7763,0.7702,0.77118,0.77118,0
1/21/2021,0.7755,0.7784,0.774899,0.77557,0.77557,0
1/22/2021,0.776144,0.77688,0.77036,0.776102,0.776102,0
1/25/2021,0.771551,0.7748,0.76839,0.77158,0.77158,0
1/26/2021,0.7715,0.77543,0.767,0.7719,0.7719,0
1/27/2021,0.77532,0.7761,0.76503,0.775314,0.775314,0
1/28/2021,0.76517,0.76774,0.759301,0.7651,0.7651,0
1/29/2021,0.767201,0.77037,0.7637,0.76697,0.76697,0
2/1/2021,0.762062,0.766401,0.76135,0.761998,0.761998,0
2/2/2021,0.76333,0.76619,0.75667,0.76346,0.76346,0
2/3/2021,0.7609,0.7627,0.76024,0.760821,0.760821,0
2/4/2021,0.763633,0.76475,0.759,0.7636,0.7636,0
2/5/2021,0.760092,0.766,0.75844,0.7603,0.7603,0
2/8/2021,0.76789,0.771516,0.765257,0.76792,0.76792,0
2/9/2021,0.770558,0.773646,0.77047,0.7711,0.7711,0
2/10/2021,0.7741,0.77545,0.771992,0.77405,0.77405,0
2/11/2021,0.772469,0.7773,0.77132,0.772535,0.772535,0
2/12/2021,0.7754,0.7765,0.77193,0.7754,0.7754,0
2/15/2021,0.776392,0.7791,0.77605,0.77641,0.77641,0
2/16/2021,0.77853,0.7807,0.774581,0.77862,0.77862,0
2/17/2021,0.7737,0.77693,0.77252,0.77379,0.77379,0
2/18/2021,0.7759,0.778901,0.77318,0.77587,0.77587,0
2/19/2021,0.77682,0.7877,0.775831,0.7768,0.7768,0
2/22/2021,0.788302,0.792079,0.7857,0.788849,0.788849,0
2/23/2021,0.79147,0.79345,0.78839,0.79154,0.79154,0
2/24/2021,0.7909,0.794603,0.789889,0.790883,0.790883,0
2/25/2021,0.79751,0.80069,0.794849,0.797703,0.797703,0
2/26/2021,0.78656,0.78703,0.771188,0.787,0.787,0
3/1/2021,0.775368,0.7788,0.7723,0.775242,0.775242,0
3/2/2021,0.77724,0.7824,0.773718,0.7772,0.7772,0
3/3/2021,0.7826,0.784006,0.7774,0.78252,0.78252,0
3/4/2021,0.77543,0.781519,0.77543,0.77581,0.77581,0
3/5/2021,0.77165,0.7726,0.76256,0.77156,0.77156,0
3/8/2021,0.770748,0.771462,0.763709,0.77091,0.77091,0
3/9/2021,0.765709,0.7719,0.762247,0.765667,0.765667,0
3/10/2021,0.771605,0.7744,0.76699,0.771784,0.771784,0
3/11/2021,0.77314,0.77842,0.77244,0.7732,0.7732,0
3/12/2021,0.77851,0.7801,0.77267,0.778762,0.778762,0
3/15/2021,0.776337,0.7776,0.770677,0.7763,0.7763,0
3/16/2021,0.775,0.7757,0.77135,0.775014,0.775014,0
3/17/2021,0.774659,0.774713,0.77062,0.774557,0.774557,0
3/18/2021,0.78111,0.7849,0.77625,0.7813,0.7813,0
3/19/2021,0.77526,0.7771,0.77188,0.77537,0.77537,0
3/22/2021,0.77235,0.7755,0.77053,0.77225,0.77225,0
3/23/2021,0.774557,0.774713,0.76557,0.77455,0.77455,0
3/24/2021,0.760902,0.763,0.75844,0.76047,0.76047,0
3/25/2021,0.75921,0.7615,0.756453,0.7591,0.7591,0
3/26/2021,0.7595,0.7637,0.75884,0.7594,0.7594,0
3/29/2021,0.7638,0.765521,0.7616,0.763738,0.763738,0
3/30/2021,0.76395,0.76629,0.75968,0.764117,0.764117,0
3/31/2021,0.760792,0.763825,0.75891,0.76088,0.76088,0
4/1/2021,0.75944,0.7611,0.75332,0.75941,0.75941,0
4/2/2021,0.76176,0.764,0.76,0.7619,0.7619,0
4/5/2021,0.7619,0.766154,0.75992,0.7621,0.7621,0
4/6/2021,0.76575,0.7663,0.760722,0.765873,0.765873,0
4/7/2021,0.766689,0.767813,0.7613,0.766695,0.766695,0
4/8/2021,0.76116,0.7649,0.76041,0.761388,0.761388,0
4/9/2021,0.76562,0.7664,0.75893,0.7659,0.7659,0
4/12/2021,0.762201,0.763825,0.75958,0.7626,0.7626,0
4/13/2021,0.76272,0.7651,0.75946,0.762771,0.762771,0
4/14/2021,0.76465,0.7734,0.763592,0.76475,0.76475,0
4/15/2021,0.7727,0.77613,0.77059,0.77251,0.77251,0
4/16/2021,0.775248,0.775976,0.77261,0.77517,0.77517,0
4/19/2021,0.771438,0.7787,0.770689,0.771403,0.771403,0
4/20/2021,0.7765,0.7816,0.77302,0.7767,0.7767,0
4/21/2021,0.772171,0.7763,0.770202,0.77238,0.77238,0
4/22/2021,0.77545,0.776518,0.77107,0.77544,0.77544,0
4/23/2021,0.770855,0.7746,0.77009,0.770535,0.770535,0
4/26/2021,0.77437,0.7817,0.77437,0.774311,0.774311,0
4/27/2021,0.77961,0.7804,0.77643,0.77997,0.77997,0
4/28/2021,0.77659,0.777605,0.77278,0.777,0.777,0
4/29/2021,0.780214,0.78182,0.77529,0.78013,0.78013,0
4/30/2021,0.77779,0.778513,0.77056,0.777762,0.777762,0
5/3/2021,0.77186,0.776699,0.77078,0.7723,0.7723,0
5/4/2021,0.7762,0.7763,0.767748,0.775891,0.775891,0
5/5/2021,0.7715,0.7754,0.77063,0.77138,0.77138,0
5/6/2021,0.775302,0.7777,0.77023,0.77512,0.77512,0
5/7/2021,0.77863,0.786287,0.77618,0.778731,0.778731,0
5/10/2021,0.785632,0.789391,0.78385,0.785879,0.785879,0
5/11/2021,0.7842,0.78556,0.78211,0.7839,0.7839,0
5/12/2021,0.78396,0.784375,0.773389,0.78381,0.78381,0
5/13/2021,0.77306,0.774731,0.76901,0.77323,0.77323,0
5/14/2021,0.77239,0.778168,0.77142,0.77262,0.77262,0
5/17/2021,0.777659,0.777726,0.77316,0.777871,0.777871,0
5/18/2021,0.77735,0.78136,0.7769,0.77737,0.77737,0
5/19/2021,0.778895,0.7797,0.77327,0.778998,0.778998,0
5/20/2021,0.7722,0.778392,0.7719,0.77203,0.77203,0
5/21/2021,0.777061,0.7783,0.773043,0.777,0.777,0
5/24/2021,0.772553,0.77549,0.771099,0.773,0.773,0
5/25/2021,0.77509,0.777641,0.77373,0.77508,0.77508,0
5/26/2021,0.7751,0.779788,0.773138,0.775314,0.775314,0
5/27/2021,0.773982,0.7758,0.77235,0.77399,0.77399,0
5/28/2021,0.77417,0.7749,0.76783,0.77425,0.77425,0
5/31/2021,0.770897,0.774413,0.77016,0.77101,0.77101,0
6/1/2021,0.77441,0.777001,0.77313,0.77435,0.77435,0
6/2/2021,0.77564,0.77716,0.77166,0.77559,0.77559,0
6/3/2021,0.7746,0.7755,0.764982,0.77443,0.77443,0
6/4/2021,0.7665,0.7746,0.76524,0.766577,0.766577,0
6/7/2021,0.773994,0.77682,0.77271,0.7744,0.7744,0
6/8/2021,0.7757,0.7765,0.77334,0.77563,0.77563,0
6/9/2021,0.7737,0.7764,0.772678,0.7737,0.7737,0
6/10/2021,0.7729,0.776518,0.77226,0.77295,0.77295,0
6/11/2021,0.77475,0.77749,0.7691,0.7748,0.7748,0
6/14/2021,0.771022,0.7727,0.76939,0.770891,0.770891,0
6/15/2021,0.771272,0.771903,0.76754,0.7712,0.7712,0
6/16/2021,0.7686,0.771641,0.76848,0.768622,0.768622,0
6/17/2021,0.76127,0.7639,0.75531,0.761673,0.761673,0
6/18/2021,0.755641,0.756201,0.74794,0.75569,0.75569,0
6/21/2021,0.75021,0.75367,0.74799,0.7504,0.7504,0
6/22/2021,0.75327,0.7534,0.74956,0.75349,0.75349,0
6/23/2021,0.75553,0.76,0.75383,0.755481,0.755481,0
6/24/2021,0.757478,0.759301,0.756819,0.757444,0.757444,0
6/25/2021,0.758098,0.761905,0.758098,0.758208,0.758208,0
6/28/2021,0.7595,0.7604,0.75559,0.7595,0.7595,0
6/29/2021,0.75685,0.757117,0.750852,0.75684,0.75684,0
6/30/2021,0.75141,0.7529,0.749283,0.75136,0.75136,0
7/1/2021,0.74953,0.751,0.7464,0.74977,0.74977,0
7/2/2021,0.74671,0.7501,0.744929,0.746581,0.746581,0
7/5/2021,0.751682,0.754,0.75092,0.75186,0.75186,0
7/6/2021,0.754,0.75986,0.74889,0.7543,0.7543,0
7/7/2021,0.74914,0.7534,0.74646,0.7495,0.7495,0
7/8/2021,0.74831,0.748475,0.74182,0.748441,0.748441,0
7/9/2021,0.743716,0.74872,0.74101,0.743329,0.743329,0
7/12/2021,0.749288,0.7497,0.74498,0.749008,0.749008,0
7/13/2021,0.7481,0.750525,0.742799,0.7481,0.7481,0
7/14/2021,0.74383,0.7486,0.7434,0.7442,0.7442,0
7/15/2021,0.7481,0.748615,0.743423,0.748038,0.748038,0
7/16/2021,0.742462,0.7444,0.74004,0.7423,0.7423,0
7/19/2021,0.7389,0.7392,0.733,0.7391,0.7391,0
7/20/2021,0.733751,0.73562,0.73006,0.73392,0.73392,0
7/21/2021,0.7339,0.73603,0.72898,0.733891,0.733891,0
7/22/2021,0.735202,0.7397,0.73431,0.735262,0.735262,0
7/23/2021,0.73825,0.7392,0.73579,0.73805,0.73805,0
7/26/2021,0.736659,0.739098,0.7333,0.736822,0.736822,0
7/27/2021,0.738607,0.739,0.73378,0.738825,0.738825,0
7/28/2021,0.73679,0.73758,0.73241,0.736637,0.736637,0
7/29/2021,0.7378,0.74134,0.73601,0.73771,0.73771,0
7/30/2021,0.739601,0.740576,0.7345,0.73961,0.73961,0
8/2/2021,0.734231,0.73828,0.73298,0.734231,0.734231,0
8/3/2021,0.73624,0.7409,0.73588,0.73606,0.73606,0
8/4/2021,0.73964,0.742721,0.7371,0.73968,0.73968,0
8/5/2021,0.73825,0.741675,0.737822,0.7383,0.7383,0
8/6/2021,0.7405,0.740686,0.734792,0.7403,0.7403,0
8/9/2021,0.7338,0.736594,0.7329,0.733783,0.733783,0
8/10/2021,0.733,0.735619,0.73162,0.7331,0.7331,0
8/11/2021,0.73446,0.73858,0.7325,0.73438,0.73438,0
8/12/2021,0.73722,0.737517,0.73361,0.737409,0.737409,0
8/13/2021,0.73402,0.738,0.73337,0.73415,0.73415,0
8/16/2021,0.736692,0.7369,0.732032,0.736572,0.736572,0
8/17/2021,0.73392,0.733977,0.725321,0.734107,0.734107,0
8/18/2021,0.72555,0.7272,0.72316,0.72556,0.72556,0
8/19/2021,0.72316,0.7235,0.71455,0.7231,0.7231,0
8/20/2021,0.7148,0.7159,0.71073,0.71462,0.71462,0
8/23/2021,0.714189,0.7211,0.714158,0.71398,0.71398,0
8/24/2021,0.72087,0.7271,0.72015,0.72096,0.72096,0
8/25/2021,0.72505,0.726728,0.72376,0.72488,0.72488,0
8/26/2021,0.72779,0.728226,0.72421,0.72766,0.72766,0
8/27/2021,0.723552,0.730994,0.72231,0.72384,0.72384,0
8/30/2021,0.731797,0.732,0.72862,0.731598,0.731598,0
8/31/2021,0.729315,0.734214,0.728948,0.729123,0.729123,0
9/1/2021,0.732,0.73723,0.73085,0.73179,0.73179,0
9/2/2021,0.73688,0.740905,0.73564,0.7368,0.7368,0
9/3/2021,0.739782,0.7478,0.7396,0.73993,0.73993,0
9/6/2021,0.744341,0.7446,0.742749,0.744502,0.744502,0
9/7/2021,0.7437,0.746531,0.737779,0.743671,0.743671,0
9/8/2021,0.73871,0.7404,0.734608,0.73866,0.73866,0
9/9/2021,0.73594,0.73943,0.73475,0.736377,0.736377,0
9/10/2021,0.736974,0.741125,0.7361,0.737083,0.737083,0
9/13/2021,0.7366,0.737681,0.7337,0.736811,0.736811,0
9/14/2021,0.7367,0.7375,0.73245,0.73659,0.73659,0
9/15/2021,0.7319,0.7338,0.7303,0.73171,0.73171,0
9/16/2021,0.7338,0.7347,0.72754,0.73412,0.73412,0
9/17/2021,0.72917,0.732225,0.72673,0.72915,0.72915,0
9/20/2021,0.726612,0.7271,0.722089,0.726401,0.726401,0
9/21/2021,0.726005,0.7284,0.72224,0.72597,0.72597,0
9/22/2021,0.7232,0.7268,0.7225,0.7228,0.7228,0
9/23/2021,0.72337,0.73123,0.72237,0.7234,0.7234,0
9/24/2021,0.72997,0.731689,0.72369,0.72998,0.72998,0
9/27/2021,0.726607,0.7292,0.72506,0.726612,0.726612,0
9/28/2021,0.72812,0.7313,0.7231,0.72806,0.72806,0
9/29/2021,0.72448,0.72622,0.71822,0.724428,0.724428,0
9/30/2021,0.71783,0.725768,0.71783,0.718,0.718,0
10/1/2021,0.72288,0.7274,0.719378,0.723118,0.723118,0
10/4/2021,0.7276,0.730514,0.72526,0.727521,0.727521,0
10/5/2021,0.728932,0.72985,0.72515,0.72897,0.72897,0
10/6/2021,0.728762,0.728916,0.72271,0.729075,0.729075,0
10/7/2021,0.7283,0.7325,0.72712,0.728141,0.728141,0
10/8/2021,0.73164,0.7338,0.72894,0.73168,0.73168,0
10/11/2021,0.7296,0.737371,0.7296,0.72949,0.72949,0
10/12/2021,0.73484,0.738607,0.73338,0.73484,0.73484,0
10/13/2021,0.733514,0.7379,0.73264,0.733509,0.733509,0
10/14/2021,0.73868,0.7427,0.73723,0.738607,0.738607,0
10/15/2021,0.74149,0.74398,0.74045,0.74138,0.74138,0
10/18/2021,0.742468,0.742611,0.738018,0.742479,0.742479,0
10/19/2021,0.74175,0.7484,0.74175,0.7417,0.7417,0
10/20/2021,0.748,0.751823,0.74667,0.747719,0.747719,0
10/21/2021,0.75169,0.754717,0.747859,0.75153,0.75153,0
10/22/2021,0.746531,0.751428,0.745512,0.74637,0.74637,0
10/25/2021,0.747,0.7508,0.74654,0.74691,0.74691,0
10/26/2021,0.74945,0.7526,0.749,0.74918,0.74918,0
10/27/2021,0.75143,0.7537,0.74884,0.751298,0.751298,0
10/28/2021,0.750041,0.755572,0.74798,0.750075,0.750075,0
10/29/2021,0.7535,0.755515,0.750058,0.75316,0.75316,0
